target,role,trigger_guide_ids,trigger_reasons,replacement_priority,fallback_rank,fallback_sequence,basic_sequence_flags,best_source_screen_rank,max_source_screen_lfc,source_screens,fallback_status,git_sha,data_sha256,axes_sha256,timestamp,command,method_version
PRKD2,PRIMARY_POSITIVE,PRKD2-2,PRKD2-2:SOURCE_IDENTITY_CONFIRMED+HOMOPOLYMER_5,BACKUP_ONLY,1,GCCTCCAGGGTCCGGGACAA,NONE,2,1.2947,IFNG|IL2,REQUIRES_ON_OFF_TARGET_AND_VECTOR_QC,09a73e4f2d3674b04f58f464d839282b23348655,1f93ab0ef86d9ec548409aab84884f13bf757c548f65c3e6e0cf3c8e9bfd3ef1,1bbcf56e4c749460f5d6e07648b341bcd28500c059c685bee1a418befeb063b7,2026-07-12T15:40:12.240306-03:00,python scripts/build_guide_qc_package.py,guide_qc_replacement_shortlist_v1
PRKD2,PRIMARY_POSITIVE,PRKD2-2,PRKD2-2:SOURCE_IDENTITY_CONFIRMED+HOMOPOLYMER_5,BACKUP_ONLY,2,CCATCCCTTGTCCCGGACCC,NONE,4,1.1469,IFNG|IL2,REQUIRES_ON_OFF_TARGET_AND_VECTOR_QC,09a73e4f2d3674b04f58f464d839282b23348655,1f93ab0ef86d9ec548409aab84884f13bf757c548f65c3e6e0cf3c8e9bfd3ef1,1bbcf56e4c749460f5d6e07648b341bcd28500c059c685bee1a418befeb063b7,2026-07-12T15:40:12.240306-03:00,python scripts/build_guide_qc_package.py,guide_qc_replacement_shortlist_v1
PRKD2,PRIMARY_POSITIVE,PRKD2-2,PRKD2-2:SOURCE_IDENTITY_CONFIRMED+HOMOPOLYMER_5,BACKUP_ONLY,3,GGGCCGGGGGCGGAAGGGGA,HOMOPOLYMER_5|GC_GT_80_PERCENT,1,1.367,IFNG|IL2,REQUIRES_ON_OFF_TARGET_AND_VECTOR_QC,09a73e4f2d3674b04f58f464d839282b23348655,1f93ab0ef86d9ec548409aab84884f13bf757c548f65c3e6e0cf3c8e9bfd3ef1,1bbcf56e4c749460f5d6e07648b341bcd28500c059c685bee1a418befeb063b7,2026-07-12T15:40:12.240306-03:00,python scripts/build_guide_qc_package.py,guide_qc_replacement_shortlist_v1
TNFRSF9,PRIMARY_POSITIVE,TNFRSF9-1|TNFRSF9-2,TNFRSF9-1:SOURCE_IDENTITY_CONFIRMED+HOMOPOLYMER_5|TNFRSF9-2:SOURCE_IDENTITY_CONFIRMED+GC_LT_25_PERCENT,HIGH_ALL_CURRENT_GUIDES_REVIEW,1,ATAGGGCTGTCACAGAGCTG,NONE,1,1.0628,IFNG|IL2,REQUIRES_ON_OFF_TARGET_AND_VECTOR_QC,09a73e4f2d3674b04f58f464d839282b23348655,1f93ab0ef86d9ec548409aab84884f13bf757c548f65c3e6e0cf3c8e9bfd3ef1,1bbcf56e4c749460f5d6e07648b341bcd28500c059c685bee1a418befeb063b7,2026-07-12T15:40:12.240306-03:00,python scripts/build_guide_qc_package.py,guide_qc_replacement_shortlist_v1
TNFRSF9,PRIMARY_POSITIVE,TNFRSF9-1|TNFRSF9-2,TNFRSF9-1:SOURCE_IDENTITY_CONFIRMED+HOMOPOLYMER_5|TNFRSF9-2:SOURCE_IDENTITY_CONFIRMED+GC_LT_25_PERCENT,HIGH_ALL_CURRENT_GUIDES_REVIEW,2,GGGCTGTCACAGAGCTGTGG,NONE,2,1.1431,IFNG|IL2,REQUIRES_ON_OFF_TARGET_AND_VECTOR_QC,09a73e4f2d3674b04f58f464d839282b23348655,1f93ab0ef86d9ec548409aab84884f13bf757c548f65c3e6e0cf3c8e9bfd3ef1,1bbcf56e4c749460f5d6e07648b341bcd28500c059c685bee1a418befeb063b7,2026-07-12T15:40:12.240306-03:00,python scripts/build_guide_qc_package.py,guide_qc_replacement_shortlist_v1
TNFRSF9,PRIMARY_POSITIVE,TNFRSF9-1|TNFRSF9-2,TNFRSF9-1:SOURCE_IDENTITY_CONFIRMED+HOMOPOLYMER_5|TNFRSF9-2:SOURCE_IDENTITY_CONFIRMED+GC_LT_25_PERCENT,HIGH_ALL_CURRENT_GUIDES_REVIEW,3,GGCTGTCACAGAGCTGTGGT,NONE,5,0.87823,IFNG|IL2,REQUIRES_ON_OFF_TARGET_AND_VECTOR_QC,09a73e4f2d3674b04f58f464d839282b23348655,1f93ab0ef86d9ec548409aab84884f13bf757c548f65c3e6e0cf3c8e9bfd3ef1,1bbcf56e4c749460f5d6e07648b341bcd28500c059c685bee1a418befeb063b7,2026-07-12T15:40:12.240306-03:00,python scripts/build_guide_qc_package.py,guide_qc_replacement_shortlist_v1
LHX4,MATCHED_NEGATIVE,LHX4-2,LHX4-2:SOURCE_IDENTITY_CONFIRMED+GC_GT_80_PERCENT,BACKUP_ONLY,1,GTGAATGAATCAAAACGCCC,NONE,1,1.0976,IFNG|IL2,REQUIRES_ON_OFF_TARGET_AND_VECTOR_QC,09a73e4f2d3674b04f58f464d839282b23348655,1f93ab0ef86d9ec548409aab84884f13bf757c548f65c3e6e0cf3c8e9bfd3ef1,1bbcf56e4c749460f5d6e07648b341bcd28500c059c685bee1a418befeb063b7,2026-07-12T15:40:12.240306-03:00,python scripts/build_guide_qc_package.py,guide_qc_replacement_shortlist_v1
LHX4,MATCHED_NEGATIVE,LHX4-2,LHX4-2:SOURCE_IDENTITY_CONFIRMED+GC_GT_80_PERCENT,BACKUP_ONLY,2,CCCTGCGGAAAGCGACGTCA,NONE,2,1.3352,IFNG|IL2,REQUIRES_ON_OFF_TARGET_AND_VECTOR_QC,09a73e4f2d3674b04f58f464d839282b23348655,1f93ab0ef86d9ec548409aab84884f13bf757c548f65c3e6e0cf3c8e9bfd3ef1,1bbcf56e4c749460f5d6e07648b341bcd28500c059c685bee1a418befeb063b7,2026-07-12T15:40:12.240306-03:00,python scripts/build_guide_qc_package.py,guide_qc_replacement_shortlist_v1
LHX4,MATCHED_NEGATIVE,LHX4-2,LHX4-2:SOURCE_IDENTITY_CONFIRMED+GC_GT_80_PERCENT,BACKUP_ONLY,3,TGTGAATGAATCAAAACGCC,NONE,4,1.1787,IFNG|IL2,REQUIRES_ON_OFF_TARGET_AND_VECTOR_QC,09a73e4f2d3674b04f58f464d839282b23348655,1f93ab0ef86d9ec548409aab84884f13bf757c548f65c3e6e0cf3c8e9bfd3ef1,1bbcf56e4c749460f5d6e07648b341bcd28500c059c685bee1a418befeb063b7,2026-07-12T15:40:12.240306-03:00,python scripts/build_guide_qc_package.py,guide_qc_replacement_shortlist_v1
LTBR,MATCHED_NEGATIVE,LTBR-1,LTBR-1:SOURCE_IDENTITY_CONFIRMED+GC_GT_80_PERCENT,BACKUP_ONLY,1,GCGGCCGGGAAAGCACGTGA,NONE,2,1.35,IFNG|IL2,REQUIRES_ON_OFF_TARGET_AND_VECTOR_QC,09a73e4f2d3674b04f58f464d839282b23348655,1f93ab0ef86d9ec548409aab84884f13bf757c548f65c3e6e0cf3c8e9bfd3ef1,1bbcf56e4c749460f5d6e07648b341bcd28500c059c685bee1a418befeb063b7,2026-07-12T15:40:12.240306-03:00,python scripts/build_guide_qc_package.py,guide_qc_replacement_shortlist_v1
LTBR,MATCHED_NEGATIVE,LTBR-1,LTBR-1:SOURCE_IDENTITY_CONFIRMED+GC_GT_80_PERCENT,BACKUP_ONLY,2,GAAAGCACGTGAGGGCCGCG,NONE,4,0.68376,IFNG|IL2,REQUIRES_ON_OFF_TARGET_AND_VECTOR_QC,09a73e4f2d3674b04f58f464d839282b23348655,1f93ab0ef86d9ec548409aab84884f13bf757c548f65c3e6e0cf3c8e9bfd3ef1,1bbcf56e4c749460f5d6e07648b341bcd28500c059c685bee1a418befeb063b7,2026-07-12T15:40:12.240306-03:00,python scripts/build_guide_qc_package.py,guide_qc_replacement_shortlist_v1
LTBR,MATCHED_NEGATIVE,LTBR-1,LTBR-1:SOURCE_IDENTITY_CONFIRMED+GC_GT_80_PERCENT,BACKUP_ONLY,3,TTGTCTGCCTCGATGCGGGG,NONE,5,0.10072,IFNG|IL2,REQUIRES_ON_OFF_TARGET_AND_VECTOR_QC,09a73e4f2d3674b04f58f464d839282b23348655,1f93ab0ef86d9ec548409aab84884f13bf757c548f65c3e6e0cf3c8e9bfd3ef1,1bbcf56e4c749460f5d6e07648b341bcd28500c059c685bee1a418befeb063b7,2026-07-12T15:40:12.240306-03:00,python scripts/build_guide_qc_package.py,guide_qc_replacement_shortlist_v1
OTUD7B,MATCHED_NEGATIVE,OTUD7B-1,OTUD7B-1:SOURCE_IDENTITY_CONFIRMED+GC_GT_80_PERCENT,BACKUP_ONLY,1,AGCCTGGGGAGCGGCGCTAA,NONE,3,1.9865,IFNG|IL2,REQUIRES_ON_OFF_TARGET_AND_VECTOR_QC,09a73e4f2d3674b04f58f464d839282b23348655,1f93ab0ef86d9ec548409aab84884f13bf757c548f65c3e6e0cf3c8e9bfd3ef1,1bbcf56e4c749460f5d6e07648b341bcd28500c059c685bee1a418befeb063b7,2026-07-12T15:40:12.240306-03:00,python scripts/build_guide_qc_package.py,guide_qc_replacement_shortlist_v1
OTUD7B,MATCHED_NEGATIVE,OTUD7B-1,OTUD7B-1:SOURCE_IDENTITY_CONFIRMED+GC_GT_80_PERCENT,BACKUP_ONLY,2,TAGCGCCGCTCCCCAGGCTG,NONE,4,1.3142,IFNG|IL2,REQUIRES_ON_OFF_TARGET_AND_VECTOR_QC,09a73e4f2d3674b04f58f464d839282b23348655,1f93ab0ef86d9ec548409aab84884f13bf757c548f65c3e6e0cf3c8e9bfd3ef1,1bbcf56e4c749460f5d6e07648b341bcd28500c059c685bee1a418befeb063b7,2026-07-12T15:40:12.240306-03:00,python scripts/build_guide_qc_package.py,guide_qc_replacement_shortlist_v1
OTUD7B,MATCHED_NEGATIVE,OTUD7B-1,OTUD7B-1:SOURCE_IDENTITY_CONFIRMED+GC_GT_80_PERCENT,BACKUP_ONLY,3,AAGGCGGGGCTGCGACGGGG,NONE,5,0.54423,IFNG|IL2,REQUIRES_ON_OFF_TARGET_AND_VECTOR_QC,09a73e4f2d3674b04f58f464d839282b23348655,1f93ab0ef86d9ec548409aab84884f13bf757c548f65c3e6e0cf3c8e9bfd3ef1,1bbcf56e4c749460f5d6e07648b341bcd28500c059c685bee1a418befeb063b7,2026-07-12T15:40:12.240306-03:00,python scripts/build_guide_qc_package.py,guide_qc_replacement_shortlist_v1
PAPOLG,MATCHED_NEGATIVE,PAPOLG-1,PAPOLG-1:SOURCE_IDENTITY_LOW_SUPPORT,BACKUP_ONLY,1,TAAATACTCCTTCGAACCAA,NONE,2,1.0654,IFNG|IL2,REQUIRES_ON_OFF_TARGET_AND_VECTOR_QC,09a73e4f2d3674b04f58f464d839282b23348655,1f93ab0ef86d9ec548409aab84884f13bf757c548f65c3e6e0cf3c8e9bfd3ef1,1bbcf56e4c749460f5d6e07648b341bcd28500c059c685bee1a418befeb063b7,2026-07-12T15:40:12.240306-03:00,python scripts/build_guide_qc_package.py,guide_qc_replacement_shortlist_v1
PAPOLG,MATCHED_NEGATIVE,PAPOLG-1,PAPOLG-1:SOURCE_IDENTITY_LOW_SUPPORT,BACKUP_ONLY,2,CCCGGGACCTAAAGGCAGAG,NONE,3,1.0709,IFNG|IL2,REQUIRES_ON_OFF_TARGET_AND_VECTOR_QC,09a73e4f2d3674b04f58f464d839282b23348655,1f93ab0ef86d9ec548409aab84884f13bf757c548f65c3e6e0cf3c8e9bfd3ef1,1bbcf56e4c749460f5d6e07648b341bcd28500c059c685bee1a418befeb063b7,2026-07-12T15:40:12.240306-03:00,python scripts/build_guide_qc_package.py,guide_qc_replacement_shortlist_v1
PAPOLG,MATCHED_NEGATIVE,PAPOLG-1,PAPOLG-1:SOURCE_IDENTITY_LOW_SUPPORT,BACKUP_ONLY,3,CTCTGCCTTTAGGTCCCGGG,NONE,4,0.65418,IFNG|IL2,REQUIRES_ON_OFF_TARGET_AND_VECTOR_QC,09a73e4f2d3674b04f58f464d839282b23348655,1f93ab0ef86d9ec548409aab84884f13bf757c548f65c3e6e0cf3c8e9bfd3ef1,1bbcf56e4c749460f5d6e07648b341bcd28500c059c685bee1a418befeb063b7,2026-07-12T15:40:12.240306-03:00,python scripts/build_guide_qc_package.py,guide_qc_replacement_shortlist_v1
GATA3,MECHANISTIC_SENTINEL,GATA3-1,GATA3-1:SOURCE_IDENTITY_CONFIRMED+HOMOPOLYMER_5,BACKUP_ONLY,1,GGGACAGGATCCCCGGCACA,NONE,1,0.44672,IFNG|IL2,REQUIRES_ON_OFF_TARGET_AND_VECTOR_QC,09a73e4f2d3674b04f58f464d839282b23348655,1f93ab0ef86d9ec548409aab84884f13bf757c548f65c3e6e0cf3c8e9bfd3ef1,1bbcf56e4c749460f5d6e07648b341bcd28500c059c685bee1a418befeb063b7,2026-07-12T15:40:12.240306-03:00,python scripts/build_guide_qc_package.py,guide_qc_replacement_shortlist_v1
GATA3,MECHANISTIC_SENTINEL,GATA3-1,GATA3-1:SOURCE_IDENTITY_CONFIRMED+HOMOPOLYMER_5,BACKUP_ONLY,2,GTTGCAGTTTCCTTGTGCCG,NONE,1,-0.058655,IFNG|IL2,REQUIRES_ON_OFF_TARGET_AND_VECTOR_QC,09a73e4f2d3674b04f58f464d839282b23348655,1f93ab0ef86d9ec548409aab84884f13bf757c548f65c3e6e0cf3c8e9bfd3ef1,1bbcf56e4c749460f5d6e07648b341bcd28500c059c685bee1a418befeb063b7,2026-07-12T15:40:12.240306-03:00,python scripts/build_guide_qc_package.py,guide_qc_replacement_shortlist_v1
GATA3,MECHANISTIC_SENTINEL,GATA3-1,GATA3-1:SOURCE_IDENTITY_CONFIRMED+HOMOPOLYMER_5,BACKUP_ONLY,3,CTGCAACCCAAACCCGCTCC,NONE,2,0.33053,IFNG|IL2,REQUIRES_ON_OFF_TARGET_AND_VECTOR_QC,09a73e4f2d3674b04f58f464d839282b23348655,1f93ab0ef86d9ec548409aab84884f13bf757c548f65c3e6e0cf3c8e9bfd3ef1,1bbcf56e4c749460f5d6e07648b341bcd28500c059c685bee1a418befeb063b7,2026-07-12T15:40:12.240306-03:00,python scripts/build_guide_qc_package.py,guide_qc_replacement_shortlist_v1
TBX21,MECHANISTIC_SENTINEL,TBX21-1|TBX21-2,TBX21-1:SOURCE_IDENTITY_CONFIRMED+HOMOPOLYMER_5|TBX21-2:SOURCE_IDENTITY_CONFIRMED+HOMOPOLYMER_5,HIGH_ALL_CURRENT_GUIDES_REVIEW,1,TTAGCCACGAGAGGGCGGGG,NONE,1,2.1301,IFNG|IL2,REQUIRES_ON_OFF_TARGET_AND_VECTOR_QC,09a73e4f2d3674b04f58f464d839282b23348655,1f93ab0ef86d9ec548409aab84884f13bf757c548f65c3e6e0cf3c8e9bfd3ef1,1bbcf56e4c749460f5d6e07648b341bcd28500c059c685bee1a418befeb063b7,2026-07-12T15:40:12.240306-03:00,python scripts/build_guide_qc_package.py,guide_qc_replacement_shortlist_v1
TBX21,MECHANISTIC_SENTINEL,TBX21-1|TBX21-2,TBX21-1:SOURCE_IDENTITY_CONFIRMED+HOMOPOLYMER_5|TBX21-2:SOURCE_IDENTITY_CONFIRMED+HOMOPOLYMER_5,HIGH_ALL_CURRENT_GUIDES_REVIEW,2,TAGTATTAGCCACGAGAGGG,NONE,3,0.52061,IFNG|IL2,REQUIRES_ON_OFF_TARGET_AND_VECTOR_QC,09a73e4f2d3674b04f58f464d839282b23348655,1f93ab0ef86d9ec548409aab84884f13bf757c548f65c3e6e0cf3c8e9bfd3ef1,1bbcf56e4c749460f5d6e07648b341bcd28500c059c685bee1a418befeb063b7,2026-07-12T15:40:12.240306-03:00,python scripts/build_guide_qc_package.py,guide_qc_replacement_shortlist_v1
TBX21,MECHANISTIC_SENTINEL,TBX21-1|TBX21-2,TBX21-1:SOURCE_IDENTITY_CONFIRMED+HOMOPOLYMER_5|TBX21-2:SOURCE_IDENTITY_CONFIRMED+HOMOPOLYMER_5,HIGH_ALL_CURRENT_GUIDES_REVIEW,3,TGCCTAGTATTAGCCACGAG,NONE,4,1.5625,IFNG|IL2,REQUIRES_ON_OFF_TARGET_AND_VECTOR_QC,09a73e4f2d3674b04f58f464d839282b23348655,1f93ab0ef86d9ec548409aab84884f13bf757c548f65c3e6e0cf3c8e9bfd3ef1,1bbcf56e4c749460f5d6e07648b341bcd28500c059c685bee1a418befeb063b7,2026-07-12T15:40:12.240306-03:00,python scripts/build_guide_qc_package.py,guide_qc_replacement_shortlist_v1
