candidate_id,target,role,candidate_kind,protospacer_20nt,crispritz_guide,basic_sequence_flags,reference_build,transcript_tss_annotation,off_target_status,pilot_stage,pilot_status,search_engine,search_mode,mismatch_ceiling,dna_bulge_ceiling,rna_bulge_ceiling,git_sha,data_sha256,axes_sha256,timestamp,command,method_version
TBX21-1,TBX21,MECHANISTIC_SENTINEL,CURRENT_GUIDE,TACTGCAGGGCCCCCCATGG,TACTGCAGGGCCCCCCATGGNNN,HOMOPOLYMER_5,GCF_000001405.40_GRCh38.p14,GCF_000001405.40-RS_2025_08,BLOCKED_ENGINE_AND_PARAMETERS_NOT_FROZEN,S1_PRIORITY_REFERENCE_SEARCH,READY_INPUT_EXECUTION_NOT_RUN,CRISPRitz_2.7.0,MISMATCH_ONLY,4,0,0,3973a018af79ae68815b90a8734feadd88f4ee65,b4698adfe3899ed0d3a0308dae6969debcd69187e299366f3f21ea0cc693d976,1bbcf56e4c749460f5d6e07648b341bcd28500c059c685bee1a418befeb063b7,2026-07-12T15:49:13.538092-03:00,python scripts/build_off_target_pilot.py,off_target_pilot_v1
TBX21-2,TBX21,MECHANISTIC_SENTINEL,CURRENT_GUIDE,GAGTACTGCAGGGCCCCCCA,GAGTACTGCAGGGCCCCCCANNN,HOMOPOLYMER_5,GCF_000001405.40_GRCh38.p14,GCF_000001405.40-RS_2025_08,BLOCKED_ENGINE_AND_PARAMETERS_NOT_FROZEN,S1_PRIORITY_REFERENCE_SEARCH,READY_INPUT_EXECUTION_NOT_RUN,CRISPRitz_2.7.0,MISMATCH_ONLY,4,0,0,3973a018af79ae68815b90a8734feadd88f4ee65,b4698adfe3899ed0d3a0308dae6969debcd69187e299366f3f21ea0cc693d976,1bbcf56e4c749460f5d6e07648b341bcd28500c059c685bee1a418befeb063b7,2026-07-12T15:49:13.538092-03:00,python scripts/build_off_target_pilot.py,off_target_pilot_v1
TBX21-FALLBACK-1,TBX21,MECHANISTIC_SENTINEL,FALLBACK_CANDIDATE,TTAGCCACGAGAGGGCGGGG,TTAGCCACGAGAGGGCGGGGNNN,NONE,GCF_000001405.40_GRCh38.p14,GCF_000001405.40-RS_2025_08,BLOCKED_ENGINE_AND_PARAMETERS_NOT_FROZEN,S1_PRIORITY_REFERENCE_SEARCH,READY_INPUT_EXECUTION_NOT_RUN,CRISPRitz_2.7.0,MISMATCH_ONLY,4,0,0,3973a018af79ae68815b90a8734feadd88f4ee65,b4698adfe3899ed0d3a0308dae6969debcd69187e299366f3f21ea0cc693d976,1bbcf56e4c749460f5d6e07648b341bcd28500c059c685bee1a418befeb063b7,2026-07-12T15:49:13.538092-03:00,python scripts/build_off_target_pilot.py,off_target_pilot_v1
TBX21-FALLBACK-2,TBX21,MECHANISTIC_SENTINEL,FALLBACK_CANDIDATE,TAGTATTAGCCACGAGAGGG,TAGTATTAGCCACGAGAGGGNNN,NONE,GCF_000001405.40_GRCh38.p14,GCF_000001405.40-RS_2025_08,BLOCKED_ENGINE_AND_PARAMETERS_NOT_FROZEN,S1_PRIORITY_REFERENCE_SEARCH,READY_INPUT_EXECUTION_NOT_RUN,CRISPRitz_2.7.0,MISMATCH_ONLY,4,0,0,3973a018af79ae68815b90a8734feadd88f4ee65,b4698adfe3899ed0d3a0308dae6969debcd69187e299366f3f21ea0cc693d976,1bbcf56e4c749460f5d6e07648b341bcd28500c059c685bee1a418befeb063b7,2026-07-12T15:49:13.538092-03:00,python scripts/build_off_target_pilot.py,off_target_pilot_v1
TBX21-FALLBACK-3,TBX21,MECHANISTIC_SENTINEL,FALLBACK_CANDIDATE,TGCCTAGTATTAGCCACGAG,TGCCTAGTATTAGCCACGAGNNN,NONE,GCF_000001405.40_GRCh38.p14,GCF_000001405.40-RS_2025_08,BLOCKED_ENGINE_AND_PARAMETERS_NOT_FROZEN,S1_PRIORITY_REFERENCE_SEARCH,READY_INPUT_EXECUTION_NOT_RUN,CRISPRitz_2.7.0,MISMATCH_ONLY,4,0,0,3973a018af79ae68815b90a8734feadd88f4ee65,b4698adfe3899ed0d3a0308dae6969debcd69187e299366f3f21ea0cc693d976,1bbcf56e4c749460f5d6e07648b341bcd28500c059c685bee1a418befeb063b7,2026-07-12T15:49:13.538092-03:00,python scripts/build_off_target_pilot.py,off_target_pilot_v1
TNFRSF9-1,TNFRSF9,PRIMARY_POSITIVE,CURRENT_GUIDE,GGGGGCTCTAGGGGATTTCG,GGGGGCTCTAGGGGATTTCGNNN,HOMOPOLYMER_5,GCF_000001405.40_GRCh38.p14,GCF_000001405.40-RS_2025_08,BLOCKED_ENGINE_AND_PARAMETERS_NOT_FROZEN,S1_PRIORITY_REFERENCE_SEARCH,READY_INPUT_EXECUTION_NOT_RUN,CRISPRitz_2.7.0,MISMATCH_ONLY,4,0,0,3973a018af79ae68815b90a8734feadd88f4ee65,b4698adfe3899ed0d3a0308dae6969debcd69187e299366f3f21ea0cc693d976,1bbcf56e4c749460f5d6e07648b341bcd28500c059c685bee1a418befeb063b7,2026-07-12T15:49:13.538092-03:00,python scripts/build_off_target_pilot.py,off_target_pilot_v1
TNFRSF9-2,TNFRSF9,PRIMARY_POSITIVE,CURRENT_GUIDE,ATGAAATGAATGATTTCATA,ATGAAATGAATGATTTCATANNN,GC_LT_25_PERCENT,GCF_000001405.40_GRCh38.p14,GCF_000001405.40-RS_2025_08,BLOCKED_ENGINE_AND_PARAMETERS_NOT_FROZEN,S1_PRIORITY_REFERENCE_SEARCH,READY_INPUT_EXECUTION_NOT_RUN,CRISPRitz_2.7.0,MISMATCH_ONLY,4,0,0,3973a018af79ae68815b90a8734feadd88f4ee65,b4698adfe3899ed0d3a0308dae6969debcd69187e299366f3f21ea0cc693d976,1bbcf56e4c749460f5d6e07648b341bcd28500c059c685bee1a418befeb063b7,2026-07-12T15:49:13.538092-03:00,python scripts/build_off_target_pilot.py,off_target_pilot_v1
TNFRSF9-FALLBACK-1,TNFRSF9,PRIMARY_POSITIVE,FALLBACK_CANDIDATE,ATAGGGCTGTCACAGAGCTG,ATAGGGCTGTCACAGAGCTGNNN,NONE,GCF_000001405.40_GRCh38.p14,GCF_000001405.40-RS_2025_08,BLOCKED_ENGINE_AND_PARAMETERS_NOT_FROZEN,S1_PRIORITY_REFERENCE_SEARCH,READY_INPUT_EXECUTION_NOT_RUN,CRISPRitz_2.7.0,MISMATCH_ONLY,4,0,0,3973a018af79ae68815b90a8734feadd88f4ee65,b4698adfe3899ed0d3a0308dae6969debcd69187e299366f3f21ea0cc693d976,1bbcf56e4c749460f5d6e07648b341bcd28500c059c685bee1a418befeb063b7,2026-07-12T15:49:13.538092-03:00,python scripts/build_off_target_pilot.py,off_target_pilot_v1
TNFRSF9-FALLBACK-2,TNFRSF9,PRIMARY_POSITIVE,FALLBACK_CANDIDATE,GGGCTGTCACAGAGCTGTGG,GGGCTGTCACAGAGCTGTGGNNN,NONE,GCF_000001405.40_GRCh38.p14,GCF_000001405.40-RS_2025_08,BLOCKED_ENGINE_AND_PARAMETERS_NOT_FROZEN,S1_PRIORITY_REFERENCE_SEARCH,READY_INPUT_EXECUTION_NOT_RUN,CRISPRitz_2.7.0,MISMATCH_ONLY,4,0,0,3973a018af79ae68815b90a8734feadd88f4ee65,b4698adfe3899ed0d3a0308dae6969debcd69187e299366f3f21ea0cc693d976,1bbcf56e4c749460f5d6e07648b341bcd28500c059c685bee1a418befeb063b7,2026-07-12T15:49:13.538092-03:00,python scripts/build_off_target_pilot.py,off_target_pilot_v1
TNFRSF9-FALLBACK-3,TNFRSF9,PRIMARY_POSITIVE,FALLBACK_CANDIDATE,GGCTGTCACAGAGCTGTGGT,GGCTGTCACAGAGCTGTGGTNNN,NONE,GCF_000001405.40_GRCh38.p14,GCF_000001405.40-RS_2025_08,BLOCKED_ENGINE_AND_PARAMETERS_NOT_FROZEN,S1_PRIORITY_REFERENCE_SEARCH,READY_INPUT_EXECUTION_NOT_RUN,CRISPRitz_2.7.0,MISMATCH_ONLY,4,0,0,3973a018af79ae68815b90a8734feadd88f4ee65,b4698adfe3899ed0d3a0308dae6969debcd69187e299366f3f21ea0cc693d976,1bbcf56e4c749460f5d6e07648b341bcd28500c059c685bee1a418befeb063b7,2026-07-12T15:49:13.538092-03:00,python scripts/build_off_target_pilot.py,off_target_pilot_v1
