candidate_id,target,role,candidate_kind,protospacer_20nt,basic_sequence_flags,source_identity_status,replacement_priority,pre_screen_status,modality,nuclease_family,pam_contract,reference_build,transcript_tss_annotation,search_engine,search_parameters,off_target_status,git_sha,data_sha256,axes_sha256,timestamp,command,method_version
PRKD2-1,PRKD2,PRIMARY_POSITIVE,CURRENT_GUIDE,TCCCTTGTCCCGGACCCTGG,NONE,SOURCE_IDENTITY_CONFIRMED,CURRENT_MANIFEST,BLOCKED_PENDING_ON_OFF_TARGET_AND_VECTOR_QC,CRISPRa,SpCas9,NGG,GCF_000001405.40_GRCh38.p14,GCF_000001405.40-RS_2025_08,UNSELECTED,UNSELECTED,BLOCKED_ENGINE_AND_PARAMETERS_NOT_FROZEN,09a73e4f2d3674b04f58f464d839282b23348655,1f93ab0ef86d9ec548409aab84884f13bf757c548f65c3e6e0cf3c8e9bfd3ef1,1bbcf56e4c749460f5d6e07648b341bcd28500c059c685bee1a418befeb063b7,2026-07-12T15:40:12.240306-03:00,python scripts/build_guide_qc_package.py,guide_qc_replacement_shortlist_v1
PRKD2-2,PRKD2,PRIMARY_POSITIVE,CURRENT_GUIDE,AGGTCCAGCCCCCAACTCGG,HOMOPOLYMER_5,SOURCE_IDENTITY_CONFIRMED,CURRENT_MANIFEST,BLOCKED_PENDING_ON_OFF_TARGET_AND_VECTOR_QC,CRISPRa,SpCas9,NGG,GCF_000001405.40_GRCh38.p14,GCF_000001405.40-RS_2025_08,UNSELECTED,UNSELECTED,BLOCKED_ENGINE_AND_PARAMETERS_NOT_FROZEN,09a73e4f2d3674b04f58f464d839282b23348655,1f93ab0ef86d9ec548409aab84884f13bf757c548f65c3e6e0cf3c8e9bfd3ef1,1bbcf56e4c749460f5d6e07648b341bcd28500c059c685bee1a418befeb063b7,2026-07-12T15:40:12.240306-03:00,python scripts/build_guide_qc_package.py,guide_qc_replacement_shortlist_v1
CD27-1,CD27,PRIMARY_POSITIVE,CURRENT_GUIDE,AAGGAAGGCTCATGTGTTGG,NONE,SOURCE_IDENTITY_CONFIRMED,CURRENT_MANIFEST,BLOCKED_PENDING_ON_OFF_TARGET_AND_VECTOR_QC,CRISPRa,SpCas9,NGG,GCF_000001405.40_GRCh38.p14,GCF_000001405.40-RS_2025_08,UNSELECTED,UNSELECTED,BLOCKED_ENGINE_AND_PARAMETERS_NOT_FROZEN,09a73e4f2d3674b04f58f464d839282b23348655,1f93ab0ef86d9ec548409aab84884f13bf757c548f65c3e6e0cf3c8e9bfd3ef1,1bbcf56e4c749460f5d6e07648b341bcd28500c059c685bee1a418befeb063b7,2026-07-12T15:40:12.240306-03:00,python scripts/build_guide_qc_package.py,guide_qc_replacement_shortlist_v1
CD27-2,CD27,PRIMARY_POSITIVE,CURRENT_GUIDE,ACTAAGGAAGGCTCATGTGT,NONE,SOURCE_IDENTITY_CONFIRMED,CURRENT_MANIFEST,BLOCKED_PENDING_ON_OFF_TARGET_AND_VECTOR_QC,CRISPRa,SpCas9,NGG,GCF_000001405.40_GRCh38.p14,GCF_000001405.40-RS_2025_08,UNSELECTED,UNSELECTED,BLOCKED_ENGINE_AND_PARAMETERS_NOT_FROZEN,09a73e4f2d3674b04f58f464d839282b23348655,1f93ab0ef86d9ec548409aab84884f13bf757c548f65c3e6e0cf3c8e9bfd3ef1,1bbcf56e4c749460f5d6e07648b341bcd28500c059c685bee1a418befeb063b7,2026-07-12T15:40:12.240306-03:00,python scripts/build_guide_qc_package.py,guide_qc_replacement_shortlist_v1
TRAF3IP2-1,TRAF3IP2,PRIMARY_POSITIVE,CURRENT_GUIDE,TGGCCCTTTCTCATGAATGA,NONE,SOURCE_IDENTITY_CONFIRMED,CURRENT_MANIFEST,BLOCKED_PENDING_ON_OFF_TARGET_AND_VECTOR_QC,CRISPRa,SpCas9,NGG,GCF_000001405.40_GRCh38.p14,GCF_000001405.40-RS_2025_08,UNSELECTED,UNSELECTED,BLOCKED_ENGINE_AND_PARAMETERS_NOT_FROZEN,09a73e4f2d3674b04f58f464d839282b23348655,1f93ab0ef86d9ec548409aab84884f13bf757c548f65c3e6e0cf3c8e9bfd3ef1,1bbcf56e4c749460f5d6e07648b341bcd28500c059c685bee1a418befeb063b7,2026-07-12T15:40:12.240306-03:00,python scripts/build_guide_qc_package.py,guide_qc_replacement_shortlist_v1
TRAF3IP2-2,TRAF3IP2,PRIMARY_POSITIVE,CURRENT_GUIDE,CCGTTGATTCACTGCCCACA,NONE,SOURCE_IDENTITY_CONFIRMED,CURRENT_MANIFEST,BLOCKED_PENDING_ON_OFF_TARGET_AND_VECTOR_QC,CRISPRa,SpCas9,NGG,GCF_000001405.40_GRCh38.p14,GCF_000001405.40-RS_2025_08,UNSELECTED,UNSELECTED,BLOCKED_ENGINE_AND_PARAMETERS_NOT_FROZEN,09a73e4f2d3674b04f58f464d839282b23348655,1f93ab0ef86d9ec548409aab84884f13bf757c548f65c3e6e0cf3c8e9bfd3ef1,1bbcf56e4c749460f5d6e07648b341bcd28500c059c685bee1a418befeb063b7,2026-07-12T15:40:12.240306-03:00,python scripts/build_guide_qc_package.py,guide_qc_replacement_shortlist_v1
PIK3AP1-2,PIK3AP1,PRIMARY_POSITIVE,CURRENT_GUIDE,ACCTGCACCCGCGGCCGTTG,NONE,SOURCE_IDENTITY_CONFIRMED,CURRENT_MANIFEST,BLOCKED_PENDING_ON_OFF_TARGET_AND_VECTOR_QC,CRISPRa,SpCas9,NGG,GCF_000001405.40_GRCh38.p14,GCF_000001405.40-RS_2025_08,UNSELECTED,UNSELECTED,BLOCKED_ENGINE_AND_PARAMETERS_NOT_FROZEN,09a73e4f2d3674b04f58f464d839282b23348655,1f93ab0ef86d9ec548409aab84884f13bf757c548f65c3e6e0cf3c8e9bfd3ef1,1bbcf56e4c749460f5d6e07648b341bcd28500c059c685bee1a418befeb063b7,2026-07-12T15:40:12.240306-03:00,python scripts/build_guide_qc_package.py,guide_qc_replacement_shortlist_v1
PIK3AP1-1,PIK3AP1,PRIMARY_POSITIVE,CURRENT_GUIDE,TTCCCCTCCCCAACGGCCGC,NONE,SOURCE_IDENTITY_CONFIRMED,CURRENT_MANIFEST,BLOCKED_PENDING_ON_OFF_TARGET_AND_VECTOR_QC,CRISPRa,SpCas9,NGG,GCF_000001405.40_GRCh38.p14,GCF_000001405.40-RS_2025_08,UNSELECTED,UNSELECTED,BLOCKED_ENGINE_AND_PARAMETERS_NOT_FROZEN,09a73e4f2d3674b04f58f464d839282b23348655,1f93ab0ef86d9ec548409aab84884f13bf757c548f65c3e6e0cf3c8e9bfd3ef1,1bbcf56e4c749460f5d6e07648b341bcd28500c059c685bee1a418befeb063b7,2026-07-12T15:40:12.240306-03:00,python scripts/build_guide_qc_package.py,guide_qc_replacement_shortlist_v1
GRAP-1,GRAP,PRIMARY_POSITIVE,CURRENT_GUIDE,GACATGTCACAGAGCAGGGA,NONE,SOURCE_IDENTITY_CONFIRMED,CURRENT_MANIFEST,BLOCKED_PENDING_ON_OFF_TARGET_AND_VECTOR_QC,CRISPRa,SpCas9,NGG,GCF_000001405.40_GRCh38.p14,GCF_000001405.40-RS_2025_08,UNSELECTED,UNSELECTED,BLOCKED_ENGINE_AND_PARAMETERS_NOT_FROZEN,09a73e4f2d3674b04f58f464d839282b23348655,1f93ab0ef86d9ec548409aab84884f13bf757c548f65c3e6e0cf3c8e9bfd3ef1,1bbcf56e4c749460f5d6e07648b341bcd28500c059c685bee1a418befeb063b7,2026-07-12T15:40:12.240306-03:00,python scripts/build_guide_qc_package.py,guide_qc_replacement_shortlist_v1
GRAP-2,GRAP,PRIMARY_POSITIVE,CURRENT_GUIDE,GCTTCAGGGAGACTCCCCAA,NONE,SOURCE_IDENTITY_CONFIRMED,CURRENT_MANIFEST,BLOCKED_PENDING_ON_OFF_TARGET_AND_VECTOR_QC,CRISPRa,SpCas9,NGG,GCF_000001405.40_GRCh38.p14,GCF_000001405.40-RS_2025_08,UNSELECTED,UNSELECTED,BLOCKED_ENGINE_AND_PARAMETERS_NOT_FROZEN,09a73e4f2d3674b04f58f464d839282b23348655,1f93ab0ef86d9ec548409aab84884f13bf757c548f65c3e6e0cf3c8e9bfd3ef1,1bbcf56e4c749460f5d6e07648b341bcd28500c059c685bee1a418befeb063b7,2026-07-12T15:40:12.240306-03:00,python scripts/build_guide_qc_package.py,guide_qc_replacement_shortlist_v1
TNFRSF9-1,TNFRSF9,PRIMARY_POSITIVE,CURRENT_GUIDE,GGGGGCTCTAGGGGATTTCG,HOMOPOLYMER_5,SOURCE_IDENTITY_CONFIRMED,CURRENT_MANIFEST,BLOCKED_PENDING_ON_OFF_TARGET_AND_VECTOR_QC,CRISPRa,SpCas9,NGG,GCF_000001405.40_GRCh38.p14,GCF_000001405.40-RS_2025_08,UNSELECTED,UNSELECTED,BLOCKED_ENGINE_AND_PARAMETERS_NOT_FROZEN,09a73e4f2d3674b04f58f464d839282b23348655,1f93ab0ef86d9ec548409aab84884f13bf757c548f65c3e6e0cf3c8e9bfd3ef1,1bbcf56e4c749460f5d6e07648b341bcd28500c059c685bee1a418befeb063b7,2026-07-12T15:40:12.240306-03:00,python scripts/build_guide_qc_package.py,guide_qc_replacement_shortlist_v1
TNFRSF9-2,TNFRSF9,PRIMARY_POSITIVE,CURRENT_GUIDE,ATGAAATGAATGATTTCATA,GC_LT_25_PERCENT,SOURCE_IDENTITY_CONFIRMED,CURRENT_MANIFEST,BLOCKED_PENDING_ON_OFF_TARGET_AND_VECTOR_QC,CRISPRa,SpCas9,NGG,GCF_000001405.40_GRCh38.p14,GCF_000001405.40-RS_2025_08,UNSELECTED,UNSELECTED,BLOCKED_ENGINE_AND_PARAMETERS_NOT_FROZEN,09a73e4f2d3674b04f58f464d839282b23348655,1f93ab0ef86d9ec548409aab84884f13bf757c548f65c3e6e0cf3c8e9bfd3ef1,1bbcf56e4c749460f5d6e07648b341bcd28500c059c685bee1a418befeb063b7,2026-07-12T15:40:12.240306-03:00,python scripts/build_guide_qc_package.py,guide_qc_replacement_shortlist_v1
IL2RB-1,IL2RB,PRIMARY_POSITIVE,CURRENT_GUIDE,TATCTGGCCCTGGGTGCTTG,NONE,SOURCE_IDENTITY_CONFIRMED,CURRENT_MANIFEST,BLOCKED_PENDING_ON_OFF_TARGET_AND_VECTOR_QC,CRISPRa,SpCas9,NGG,GCF_000001405.40_GRCh38.p14,GCF_000001405.40-RS_2025_08,UNSELECTED,UNSELECTED,BLOCKED_ENGINE_AND_PARAMETERS_NOT_FROZEN,09a73e4f2d3674b04f58f464d839282b23348655,1f93ab0ef86d9ec548409aab84884f13bf757c548f65c3e6e0cf3c8e9bfd3ef1,1bbcf56e4c749460f5d6e07648b341bcd28500c059c685bee1a418befeb063b7,2026-07-12T15:40:12.240306-03:00,python scripts/build_guide_qc_package.py,guide_qc_replacement_shortlist_v1
IL2RB-2,IL2RB,PRIMARY_POSITIVE,CURRENT_GUIDE,GTAGGAGGCAGATCTTTATC,NONE,SOURCE_IDENTITY_CONFIRMED,CURRENT_MANIFEST,BLOCKED_PENDING_ON_OFF_TARGET_AND_VECTOR_QC,CRISPRa,SpCas9,NGG,GCF_000001405.40_GRCh38.p14,GCF_000001405.40-RS_2025_08,UNSELECTED,UNSELECTED,BLOCKED_ENGINE_AND_PARAMETERS_NOT_FROZEN,09a73e4f2d3674b04f58f464d839282b23348655,1f93ab0ef86d9ec548409aab84884f13bf757c548f65c3e6e0cf3c8e9bfd3ef1,1bbcf56e4c749460f5d6e07648b341bcd28500c059c685bee1a418befeb063b7,2026-07-12T15:40:12.240306-03:00,python scripts/build_guide_qc_package.py,guide_qc_replacement_shortlist_v1
IL2RG-2,IL2RG,PRIMARY_POSITIVE,CURRENT_GUIDE,ATAAACCAGGGCTTTACAGA,NONE,SOURCE_IDENTITY_CONFIRMED,CURRENT_MANIFEST,BLOCKED_PENDING_ON_OFF_TARGET_AND_VECTOR_QC,CRISPRa,SpCas9,NGG,GCF_000001405.40_GRCh38.p14,GCF_000001405.40-RS_2025_08,UNSELECTED,UNSELECTED,BLOCKED_ENGINE_AND_PARAMETERS_NOT_FROZEN,09a73e4f2d3674b04f58f464d839282b23348655,1f93ab0ef86d9ec548409aab84884f13bf757c548f65c3e6e0cf3c8e9bfd3ef1,1bbcf56e4c749460f5d6e07648b341bcd28500c059c685bee1a418befeb063b7,2026-07-12T15:40:12.240306-03:00,python scripts/build_guide_qc_package.py,guide_qc_replacement_shortlist_v1
IL2RG-1,IL2RG,PRIMARY_POSITIVE,CURRENT_GUIDE,TGACACGGGCTAAGTCCTCT,NONE,SOURCE_IDENTITY_CONFIRMED,CURRENT_MANIFEST,BLOCKED_PENDING_ON_OFF_TARGET_AND_VECTOR_QC,CRISPRa,SpCas9,NGG,GCF_000001405.40_GRCh38.p14,GCF_000001405.40-RS_2025_08,UNSELECTED,UNSELECTED,BLOCKED_ENGINE_AND_PARAMETERS_NOT_FROZEN,09a73e4f2d3674b04f58f464d839282b23348655,1f93ab0ef86d9ec548409aab84884f13bf757c548f65c3e6e0cf3c8e9bfd3ef1,1bbcf56e4c749460f5d6e07648b341bcd28500c059c685bee1a418befeb063b7,2026-07-12T15:40:12.240306-03:00,python scripts/build_guide_qc_package.py,guide_qc_replacement_shortlist_v1
ABCB10-1,ABCB10,MATCHED_NEGATIVE,CURRENT_GUIDE,GTCCCCGGAGTGGGGCGGAG,NONE,SOURCE_IDENTITY_CONFIRMED,CURRENT_MANIFEST,BLOCKED_PENDING_ON_OFF_TARGET_AND_VECTOR_QC,CRISPRa,SpCas9,NGG,GCF_000001405.40_GRCh38.p14,GCF_000001405.40-RS_2025_08,UNSELECTED,UNSELECTED,BLOCKED_ENGINE_AND_PARAMETERS_NOT_FROZEN,09a73e4f2d3674b04f58f464d839282b23348655,1f93ab0ef86d9ec548409aab84884f13bf757c548f65c3e6e0cf3c8e9bfd3ef1,1bbcf56e4c749460f5d6e07648b341bcd28500c059c685bee1a418befeb063b7,2026-07-12T15:40:12.240306-03:00,python scripts/build_guide_qc_package.py,guide_qc_replacement_shortlist_v1
ABCB10-2,ABCB10,MATCHED_NEGATIVE,CURRENT_GUIDE,CGGAGTGGGGCGGAGAGGCG,NONE,SOURCE_IDENTITY_CONFIRMED,CURRENT_MANIFEST,BLOCKED_PENDING_ON_OFF_TARGET_AND_VECTOR_QC,CRISPRa,SpCas9,NGG,GCF_000001405.40_GRCh38.p14,GCF_000001405.40-RS_2025_08,UNSELECTED,UNSELECTED,BLOCKED_ENGINE_AND_PARAMETERS_NOT_FROZEN,09a73e4f2d3674b04f58f464d839282b23348655,1f93ab0ef86d9ec548409aab84884f13bf757c548f65c3e6e0cf3c8e9bfd3ef1,1bbcf56e4c749460f5d6e07648b341bcd28500c059c685bee1a418befeb063b7,2026-07-12T15:40:12.240306-03:00,python scripts/build_guide_qc_package.py,guide_qc_replacement_shortlist_v1
APOBEC3C-1,APOBEC3C,MATCHED_NEGATIVE,CURRENT_GUIDE,GAGCAGCCTGTCTTTATCGG,NONE,SOURCE_IDENTITY_CONFIRMED,CURRENT_MANIFEST,BLOCKED_PENDING_ON_OFF_TARGET_AND_VECTOR_QC,CRISPRa,SpCas9,NGG,GCF_000001405.40_GRCh38.p14,GCF_000001405.40-RS_2025_08,UNSELECTED,UNSELECTED,BLOCKED_ENGINE_AND_PARAMETERS_NOT_FROZEN,09a73e4f2d3674b04f58f464d839282b23348655,1f93ab0ef86d9ec548409aab84884f13bf757c548f65c3e6e0cf3c8e9bfd3ef1,1bbcf56e4c749460f5d6e07648b341bcd28500c059c685bee1a418befeb063b7,2026-07-12T15:40:12.240306-03:00,python scripts/build_guide_qc_package.py,guide_qc_replacement_shortlist_v1
APOBEC3C-2,APOBEC3C,MATCHED_NEGATIVE,CURRENT_GUIDE,GAGGAACCTCCGATAAAGAC,NONE,SOURCE_IDENTITY_CONFIRMED,CURRENT_MANIFEST,BLOCKED_PENDING_ON_OFF_TARGET_AND_VECTOR_QC,CRISPRa,SpCas9,NGG,GCF_000001405.40_GRCh38.p14,GCF_000001405.40-RS_2025_08,UNSELECTED,UNSELECTED,BLOCKED_ENGINE_AND_PARAMETERS_NOT_FROZEN,09a73e4f2d3674b04f58f464d839282b23348655,1f93ab0ef86d9ec548409aab84884f13bf757c548f65c3e6e0cf3c8e9bfd3ef1,1bbcf56e4c749460f5d6e07648b341bcd28500c059c685bee1a418befeb063b7,2026-07-12T15:40:12.240306-03:00,python scripts/build_guide_qc_package.py,guide_qc_replacement_shortlist_v1
APOBEC3D-2,APOBEC3D,MATCHED_NEGATIVE,CURRENT_GUIDE,TCAGAGGTCCCTCTGCCAGG,NONE,SOURCE_IDENTITY_CONFIRMED,CURRENT_MANIFEST,BLOCKED_PENDING_ON_OFF_TARGET_AND_VECTOR_QC,CRISPRa,SpCas9,NGG,GCF_000001405.40_GRCh38.p14,GCF_000001405.40-RS_2025_08,UNSELECTED,UNSELECTED,BLOCKED_ENGINE_AND_PARAMETERS_NOT_FROZEN,09a73e4f2d3674b04f58f464d839282b23348655,1f93ab0ef86d9ec548409aab84884f13bf757c548f65c3e6e0cf3c8e9bfd3ef1,1bbcf56e4c749460f5d6e07648b341bcd28500c059c685bee1a418befeb063b7,2026-07-12T15:40:12.240306-03:00,python scripts/build_guide_qc_package.py,guide_qc_replacement_shortlist_v1
APOBEC3D-1,APOBEC3D,MATCHED_NEGATIVE,CURRENT_GUIDE,GCGCTGGTGTAGGAGGCCCT,NONE,SOURCE_IDENTITY_CONFIRMED,CURRENT_MANIFEST,BLOCKED_PENDING_ON_OFF_TARGET_AND_VECTOR_QC,CRISPRa,SpCas9,NGG,GCF_000001405.40_GRCh38.p14,GCF_000001405.40-RS_2025_08,UNSELECTED,UNSELECTED,BLOCKED_ENGINE_AND_PARAMETERS_NOT_FROZEN,09a73e4f2d3674b04f58f464d839282b23348655,1f93ab0ef86d9ec548409aab84884f13bf757c548f65c3e6e0cf3c8e9bfd3ef1,1bbcf56e4c749460f5d6e07648b341bcd28500c059c685bee1a418befeb063b7,2026-07-12T15:40:12.240306-03:00,python scripts/build_guide_qc_package.py,guide_qc_replacement_shortlist_v1
APOL2-2,APOL2,MATCHED_NEGATIVE,CURRENT_GUIDE,GGCTGGGCCTGGACTGCAGG,NONE,SOURCE_IDENTITY_CONFIRMED,CURRENT_MANIFEST,BLOCKED_PENDING_ON_OFF_TARGET_AND_VECTOR_QC,CRISPRa,SpCas9,NGG,GCF_000001405.40_GRCh38.p14,GCF_000001405.40-RS_2025_08,UNSELECTED,UNSELECTED,BLOCKED_ENGINE_AND_PARAMETERS_NOT_FROZEN,09a73e4f2d3674b04f58f464d839282b23348655,1f93ab0ef86d9ec548409aab84884f13bf757c548f65c3e6e0cf3c8e9bfd3ef1,1bbcf56e4c749460f5d6e07648b341bcd28500c059c685bee1a418befeb063b7,2026-07-12T15:40:12.240306-03:00,python scripts/build_guide_qc_package.py,guide_qc_replacement_shortlist_v1
APOL2-1,APOL2,MATCHED_NEGATIVE,CURRENT_GUIDE,AGTGCAGCAGCAAGGAGGCT,NONE,SOURCE_IDENTITY_CONFIRMED,CURRENT_MANIFEST,BLOCKED_PENDING_ON_OFF_TARGET_AND_VECTOR_QC,CRISPRa,SpCas9,NGG,GCF_000001405.40_GRCh38.p14,GCF_000001405.40-RS_2025_08,UNSELECTED,UNSELECTED,BLOCKED_ENGINE_AND_PARAMETERS_NOT_FROZEN,09a73e4f2d3674b04f58f464d839282b23348655,1f93ab0ef86d9ec548409aab84884f13bf757c548f65c3e6e0cf3c8e9bfd3ef1,1bbcf56e4c749460f5d6e07648b341bcd28500c059c685bee1a418befeb063b7,2026-07-12T15:40:12.240306-03:00,python scripts/build_guide_qc_package.py,guide_qc_replacement_shortlist_v1
BICDL2-1,BICDL2,MATCHED_NEGATIVE,CURRENT_GUIDE,CGGGGCTGCTGGGAGAAGCA,NONE,SOURCE_IDENTITY_CONFIRMED,CURRENT_MANIFEST,BLOCKED_PENDING_ON_OFF_TARGET_AND_VECTOR_QC,CRISPRa,SpCas9,NGG,GCF_000001405.40_GRCh38.p14,GCF_000001405.40-RS_2025_08,UNSELECTED,UNSELECTED,BLOCKED_ENGINE_AND_PARAMETERS_NOT_FROZEN,09a73e4f2d3674b04f58f464d839282b23348655,1f93ab0ef86d9ec548409aab84884f13bf757c548f65c3e6e0cf3c8e9bfd3ef1,1bbcf56e4c749460f5d6e07648b341bcd28500c059c685bee1a418befeb063b7,2026-07-12T15:40:12.240306-03:00,python scripts/build_guide_qc_package.py,guide_qc_replacement_shortlist_v1
BICDL2-2,BICDL2,MATCHED_NEGATIVE,CURRENT_GUIDE,GTCTGTCGCAGGCAGAGGAG,NONE,SOURCE_IDENTITY_CONFIRMED,CURRENT_MANIFEST,BLOCKED_PENDING_ON_OFF_TARGET_AND_VECTOR_QC,CRISPRa,SpCas9,NGG,GCF_000001405.40_GRCh38.p14,GCF_000001405.40-RS_2025_08,UNSELECTED,UNSELECTED,BLOCKED_ENGINE_AND_PARAMETERS_NOT_FROZEN,09a73e4f2d3674b04f58f464d839282b23348655,1f93ab0ef86d9ec548409aab84884f13bf757c548f65c3e6e0cf3c8e9bfd3ef1,1bbcf56e4c749460f5d6e07648b341bcd28500c059c685bee1a418befeb063b7,2026-07-12T15:40:12.240306-03:00,python scripts/build_guide_qc_package.py,guide_qc_replacement_shortlist_v1
FOSL1-1,FOSL1,MATCHED_NEGATIVE,CURRENT_GUIDE,TCGGGACCGACGGGCCAAGG,NONE,SOURCE_IDENTITY_CONFIRMED,CURRENT_MANIFEST,BLOCKED_PENDING_ON_OFF_TARGET_AND_VECTOR_QC,CRISPRa,SpCas9,NGG,GCF_000001405.40_GRCh38.p14,GCF_000001405.40-RS_2025_08,UNSELECTED,UNSELECTED,BLOCKED_ENGINE_AND_PARAMETERS_NOT_FROZEN,09a73e4f2d3674b04f58f464d839282b23348655,1f93ab0ef86d9ec548409aab84884f13bf757c548f65c3e6e0cf3c8e9bfd3ef1,1bbcf56e4c749460f5d6e07648b341bcd28500c059c685bee1a418befeb063b7,2026-07-12T15:40:12.240306-03:00,python scripts/build_guide_qc_package.py,guide_qc_replacement_shortlist_v1
FOSL1-2,FOSL1,MATCHED_NEGATIVE,CURRENT_GUIDE,TCGCCAAGTTCGGGACCGAC,NONE,SOURCE_IDENTITY_CONFIRMED,CURRENT_MANIFEST,BLOCKED_PENDING_ON_OFF_TARGET_AND_VECTOR_QC,CRISPRa,SpCas9,NGG,GCF_000001405.40_GRCh38.p14,GCF_000001405.40-RS_2025_08,UNSELECTED,UNSELECTED,BLOCKED_ENGINE_AND_PARAMETERS_NOT_FROZEN,09a73e4f2d3674b04f58f464d839282b23348655,1f93ab0ef86d9ec548409aab84884f13bf757c548f65c3e6e0cf3c8e9bfd3ef1,1bbcf56e4c749460f5d6e07648b341bcd28500c059c685bee1a418befeb063b7,2026-07-12T15:40:12.240306-03:00,python scripts/build_guide_qc_package.py,guide_qc_replacement_shortlist_v1
FOXL2NB-2,FOXL2NB,MATCHED_NEGATIVE,CURRENT_GUIDE,GGCGCACTAGGGACTCCAGG,NONE,SOURCE_IDENTITY_CONFIRMED,CURRENT_MANIFEST,BLOCKED_PENDING_ON_OFF_TARGET_AND_VECTOR_QC,CRISPRa,SpCas9,NGG,GCF_000001405.40_GRCh38.p14,GCF_000001405.40-RS_2025_08,UNSELECTED,UNSELECTED,BLOCKED_ENGINE_AND_PARAMETERS_NOT_FROZEN,09a73e4f2d3674b04f58f464d839282b23348655,1f93ab0ef86d9ec548409aab84884f13bf757c548f65c3e6e0cf3c8e9bfd3ef1,1bbcf56e4c749460f5d6e07648b341bcd28500c059c685bee1a418befeb063b7,2026-07-12T15:40:12.240306-03:00,python scripts/build_guide_qc_package.py,guide_qc_replacement_shortlist_v1
FOXL2NB-1,FOXL2NB,MATCHED_NEGATIVE,CURRENT_GUIDE,CCTGGCGCACTAGGGACTCC,NONE,SOURCE_IDENTITY_CONFIRMED,CURRENT_MANIFEST,BLOCKED_PENDING_ON_OFF_TARGET_AND_VECTOR_QC,CRISPRa,SpCas9,NGG,GCF_000001405.40_GRCh38.p14,GCF_000001405.40-RS_2025_08,UNSELECTED,UNSELECTED,BLOCKED_ENGINE_AND_PARAMETERS_NOT_FROZEN,09a73e4f2d3674b04f58f464d839282b23348655,1f93ab0ef86d9ec548409aab84884f13bf757c548f65c3e6e0cf3c8e9bfd3ef1,1bbcf56e4c749460f5d6e07648b341bcd28500c059c685bee1a418befeb063b7,2026-07-12T15:40:12.240306-03:00,python scripts/build_guide_qc_package.py,guide_qc_replacement_shortlist_v1
INPPL1-2,INPPL1,MATCHED_NEGATIVE,CURRENT_GUIDE,GAGGTCACCCAGTGGGCCAG,NONE,SOURCE_IDENTITY_CONFIRMED,CURRENT_MANIFEST,BLOCKED_PENDING_ON_OFF_TARGET_AND_VECTOR_QC,CRISPRa,SpCas9,NGG,GCF_000001405.40_GRCh38.p14,GCF_000001405.40-RS_2025_08,UNSELECTED,UNSELECTED,BLOCKED_ENGINE_AND_PARAMETERS_NOT_FROZEN,09a73e4f2d3674b04f58f464d839282b23348655,1f93ab0ef86d9ec548409aab84884f13bf757c548f65c3e6e0cf3c8e9bfd3ef1,1bbcf56e4c749460f5d6e07648b341bcd28500c059c685bee1a418befeb063b7,2026-07-12T15:40:12.240306-03:00,python scripts/build_guide_qc_package.py,guide_qc_replacement_shortlist_v1
INPPL1-1,INPPL1,MATCHED_NEGATIVE,CURRENT_GUIDE,ACTTGCCCGAGGTCACCCAG,NONE,SOURCE_IDENTITY_CONFIRMED,CURRENT_MANIFEST,BLOCKED_PENDING_ON_OFF_TARGET_AND_VECTOR_QC,CRISPRa,SpCas9,NGG,GCF_000001405.40_GRCh38.p14,GCF_000001405.40-RS_2025_08,UNSELECTED,UNSELECTED,BLOCKED_ENGINE_AND_PARAMETERS_NOT_FROZEN,09a73e4f2d3674b04f58f464d839282b23348655,1f93ab0ef86d9ec548409aab84884f13bf757c548f65c3e6e0cf3c8e9bfd3ef1,1bbcf56e4c749460f5d6e07648b341bcd28500c059c685bee1a418befeb063b7,2026-07-12T15:40:12.240306-03:00,python scripts/build_guide_qc_package.py,guide_qc_replacement_shortlist_v1
LHX4-1,LHX4,MATCHED_NEGATIVE,CURRENT_GUIDE,TCAAAACGCCCGGGTGACCG,NONE,SOURCE_IDENTITY_CONFIRMED,CURRENT_MANIFEST,BLOCKED_PENDING_ON_OFF_TARGET_AND_VECTOR_QC,CRISPRa,SpCas9,NGG,GCF_000001405.40_GRCh38.p14,GCF_000001405.40-RS_2025_08,UNSELECTED,UNSELECTED,BLOCKED_ENGINE_AND_PARAMETERS_NOT_FROZEN,09a73e4f2d3674b04f58f464d839282b23348655,1f93ab0ef86d9ec548409aab84884f13bf757c548f65c3e6e0cf3c8e9bfd3ef1,1bbcf56e4c749460f5d6e07648b341bcd28500c059c685bee1a418befeb063b7,2026-07-12T15:40:12.240306-03:00,python scripts/build_guide_qc_package.py,guide_qc_replacement_shortlist_v1
LHX4-2,LHX4,MATCHED_NEGATIVE,CURRENT_GUIDE,TCGCGTGCCGGCCGCCCGGG,GC_GT_80_PERCENT,SOURCE_IDENTITY_CONFIRMED,CURRENT_MANIFEST,BLOCKED_PENDING_ON_OFF_TARGET_AND_VECTOR_QC,CRISPRa,SpCas9,NGG,GCF_000001405.40_GRCh38.p14,GCF_000001405.40-RS_2025_08,UNSELECTED,UNSELECTED,BLOCKED_ENGINE_AND_PARAMETERS_NOT_FROZEN,09a73e4f2d3674b04f58f464d839282b23348655,1f93ab0ef86d9ec548409aab84884f13bf757c548f65c3e6e0cf3c8e9bfd3ef1,1bbcf56e4c749460f5d6e07648b341bcd28500c059c685bee1a418befeb063b7,2026-07-12T15:40:12.240306-03:00,python scripts/build_guide_qc_package.py,guide_qc_replacement_shortlist_v1
LTBR-2,LTBR,MATCHED_NEGATIVE,CURRENT_GUIDE,CAGGCTTGTCTGCCTCGATG,NONE,SOURCE_IDENTITY_CONFIRMED,CURRENT_MANIFEST,BLOCKED_PENDING_ON_OFF_TARGET_AND_VECTOR_QC,CRISPRa,SpCas9,NGG,GCF_000001405.40_GRCh38.p14,GCF_000001405.40-RS_2025_08,UNSELECTED,UNSELECTED,BLOCKED_ENGINE_AND_PARAMETERS_NOT_FROZEN,09a73e4f2d3674b04f58f464d839282b23348655,1f93ab0ef86d9ec548409aab84884f13bf757c548f65c3e6e0cf3c8e9bfd3ef1,1bbcf56e4c749460f5d6e07648b341bcd28500c059c685bee1a418befeb063b7,2026-07-12T15:40:12.240306-03:00,python scripts/build_guide_qc_package.py,guide_qc_replacement_shortlist_v1
LTBR-1,LTBR,MATCHED_NEGATIVE,CURRENT_GUIDE,GCCCCTCCCGCCCCGCATCG,GC_GT_80_PERCENT,SOURCE_IDENTITY_CONFIRMED,CURRENT_MANIFEST,BLOCKED_PENDING_ON_OFF_TARGET_AND_VECTOR_QC,CRISPRa,SpCas9,NGG,GCF_000001405.40_GRCh38.p14,GCF_000001405.40-RS_2025_08,UNSELECTED,UNSELECTED,BLOCKED_ENGINE_AND_PARAMETERS_NOT_FROZEN,09a73e4f2d3674b04f58f464d839282b23348655,1f93ab0ef86d9ec548409aab84884f13bf757c548f65c3e6e0cf3c8e9bfd3ef1,1bbcf56e4c749460f5d6e07648b341bcd28500c059c685bee1a418befeb063b7,2026-07-12T15:40:12.240306-03:00,python scripts/build_guide_qc_package.py,guide_qc_replacement_shortlist_v1
MUC1-1,MUC1,MATCHED_NEGATIVE,CURRENT_GUIDE,CCTTGTACCCTACCCAGGAA,NONE,SOURCE_IDENTITY_CONFIRMED,CURRENT_MANIFEST,BLOCKED_PENDING_ON_OFF_TARGET_AND_VECTOR_QC,CRISPRa,SpCas9,NGG,GCF_000001405.40_GRCh38.p14,GCF_000001405.40-RS_2025_08,UNSELECTED,UNSELECTED,BLOCKED_ENGINE_AND_PARAMETERS_NOT_FROZEN,09a73e4f2d3674b04f58f464d839282b23348655,1f93ab0ef86d9ec548409aab84884f13bf757c548f65c3e6e0cf3c8e9bfd3ef1,1bbcf56e4c749460f5d6e07648b341bcd28500c059c685bee1a418befeb063b7,2026-07-12T15:40:12.240306-03:00,python scripts/build_guide_qc_package.py,guide_qc_replacement_shortlist_v1
MUC1-2,MUC1,MATCHED_NEGATIVE,CURRENT_GUIDE,AGAGCCCTTGTACCCTACCC,NONE,SOURCE_IDENTITY_CONFIRMED,CURRENT_MANIFEST,BLOCKED_PENDING_ON_OFF_TARGET_AND_VECTOR_QC,CRISPRa,SpCas9,NGG,GCF_000001405.40_GRCh38.p14,GCF_000001405.40-RS_2025_08,UNSELECTED,UNSELECTED,BLOCKED_ENGINE_AND_PARAMETERS_NOT_FROZEN,09a73e4f2d3674b04f58f464d839282b23348655,1f93ab0ef86d9ec548409aab84884f13bf757c548f65c3e6e0cf3c8e9bfd3ef1,1bbcf56e4c749460f5d6e07648b341bcd28500c059c685bee1a418befeb063b7,2026-07-12T15:40:12.240306-03:00,python scripts/build_guide_qc_package.py,guide_qc_replacement_shortlist_v1
OTUD7B-1,OTUD7B,MATCHED_NEGATIVE,CURRENT_GUIDE,CGGAGCGGGAGGAGGCCCGG,GC_GT_80_PERCENT,SOURCE_IDENTITY_CONFIRMED,CURRENT_MANIFEST,BLOCKED_PENDING_ON_OFF_TARGET_AND_VECTOR_QC,CRISPRa,SpCas9,NGG,GCF_000001405.40_GRCh38.p14,GCF_000001405.40-RS_2025_08,UNSELECTED,UNSELECTED,BLOCKED_ENGINE_AND_PARAMETERS_NOT_FROZEN,09a73e4f2d3674b04f58f464d839282b23348655,1f93ab0ef86d9ec548409aab84884f13bf757c548f65c3e6e0cf3c8e9bfd3ef1,1bbcf56e4c749460f5d6e07648b341bcd28500c059c685bee1a418befeb063b7,2026-07-12T15:40:12.240306-03:00,python scripts/build_guide_qc_package.py,guide_qc_replacement_shortlist_v1
OTUD7B-2,OTUD7B,MATCHED_NEGATIVE,CURRENT_GUIDE,GGGGAGCGGCGCTAAAGGCG,NONE,SOURCE_IDENTITY_CONFIRMED,CURRENT_MANIFEST,BLOCKED_PENDING_ON_OFF_TARGET_AND_VECTOR_QC,CRISPRa,SpCas9,NGG,GCF_000001405.40_GRCh38.p14,GCF_000001405.40-RS_2025_08,UNSELECTED,UNSELECTED,BLOCKED_ENGINE_AND_PARAMETERS_NOT_FROZEN,09a73e4f2d3674b04f58f464d839282b23348655,1f93ab0ef86d9ec548409aab84884f13bf757c548f65c3e6e0cf3c8e9bfd3ef1,1bbcf56e4c749460f5d6e07648b341bcd28500c059c685bee1a418befeb063b7,2026-07-12T15:40:12.240306-03:00,python scripts/build_guide_qc_package.py,guide_qc_replacement_shortlist_v1
PAPOLG-2,PAPOLG,MATCHED_NEGATIVE,CURRENT_GUIDE,CAGGGCTCTCAGTATACCGT,NONE,SOURCE_IDENTITY_CONFIRMED,CURRENT_MANIFEST,BLOCKED_PENDING_ON_OFF_TARGET_AND_VECTOR_QC,CRISPRa,SpCas9,NGG,GCF_000001405.40_GRCh38.p14,GCF_000001405.40-RS_2025_08,UNSELECTED,UNSELECTED,BLOCKED_ENGINE_AND_PARAMETERS_NOT_FROZEN,09a73e4f2d3674b04f58f464d839282b23348655,1f93ab0ef86d9ec548409aab84884f13bf757c548f65c3e6e0cf3c8e9bfd3ef1,1bbcf56e4c749460f5d6e07648b341bcd28500c059c685bee1a418befeb063b7,2026-07-12T15:40:12.240306-03:00,python scripts/build_guide_qc_package.py,guide_qc_replacement_shortlist_v1
PAPOLG-1,PAPOLG,MATCHED_NEGATIVE,CURRENT_GUIDE,TTAGGTCCCGGGAGGCTCCG,NONE,SOURCE_IDENTITY_LOW_SUPPORT,CURRENT_MANIFEST,BLOCKED_LOW_SOURCE_SUPPORT,CRISPRa,SpCas9,NGG,GCF_000001405.40_GRCh38.p14,GCF_000001405.40-RS_2025_08,UNSELECTED,UNSELECTED,BLOCKED_ENGINE_AND_PARAMETERS_NOT_FROZEN,09a73e4f2d3674b04f58f464d839282b23348655,1f93ab0ef86d9ec548409aab84884f13bf757c548f65c3e6e0cf3c8e9bfd3ef1,1bbcf56e4c749460f5d6e07648b341bcd28500c059c685bee1a418befeb063b7,2026-07-12T15:40:12.240306-03:00,python scripts/build_guide_qc_package.py,guide_qc_replacement_shortlist_v1
SLA2-1,SLA2,MATCHED_NEGATIVE,CURRENT_GUIDE,CCCCTAGAAACAGGAACTTG,NONE,SOURCE_IDENTITY_CONFIRMED,CURRENT_MANIFEST,BLOCKED_PENDING_ON_OFF_TARGET_AND_VECTOR_QC,CRISPRa,SpCas9,NGG,GCF_000001405.40_GRCh38.p14,GCF_000001405.40-RS_2025_08,UNSELECTED,UNSELECTED,BLOCKED_ENGINE_AND_PARAMETERS_NOT_FROZEN,09a73e4f2d3674b04f58f464d839282b23348655,1f93ab0ef86d9ec548409aab84884f13bf757c548f65c3e6e0cf3c8e9bfd3ef1,1bbcf56e4c749460f5d6e07648b341bcd28500c059c685bee1a418befeb063b7,2026-07-12T15:40:12.240306-03:00,python scripts/build_guide_qc_package.py,guide_qc_replacement_shortlist_v1
SLA2-2,SLA2,MATCHED_NEGATIVE,CURRENT_GUIDE,TTTGCTCCACGATCATGACA,NONE,SOURCE_IDENTITY_CONFIRMED,CURRENT_MANIFEST,BLOCKED_PENDING_ON_OFF_TARGET_AND_VECTOR_QC,CRISPRa,SpCas9,NGG,GCF_000001405.40_GRCh38.p14,GCF_000001405.40-RS_2025_08,UNSELECTED,UNSELECTED,BLOCKED_ENGINE_AND_PARAMETERS_NOT_FROZEN,09a73e4f2d3674b04f58f464d839282b23348655,1f93ab0ef86d9ec548409aab84884f13bf757c548f65c3e6e0cf3c8e9bfd3ef1,1bbcf56e4c749460f5d6e07648b341bcd28500c059c685bee1a418befeb063b7,2026-07-12T15:40:12.240306-03:00,python scripts/build_guide_qc_package.py,guide_qc_replacement_shortlist_v1
TNFRSF1B-2,TNFRSF1B,MATCHED_NEGATIVE,CURRENT_GUIDE,TCGGCCCAGCGATGCTGGAG,NONE,SOURCE_IDENTITY_CONFIRMED,CURRENT_MANIFEST,BLOCKED_PENDING_ON_OFF_TARGET_AND_VECTOR_QC,CRISPRa,SpCas9,NGG,GCF_000001405.40_GRCh38.p14,GCF_000001405.40-RS_2025_08,UNSELECTED,UNSELECTED,BLOCKED_ENGINE_AND_PARAMETERS_NOT_FROZEN,09a73e4f2d3674b04f58f464d839282b23348655,1f93ab0ef86d9ec548409aab84884f13bf757c548f65c3e6e0cf3c8e9bfd3ef1,1bbcf56e4c749460f5d6e07648b341bcd28500c059c685bee1a418befeb063b7,2026-07-12T15:40:12.240306-03:00,python scripts/build_guide_qc_package.py,guide_qc_replacement_shortlist_v1
TNFRSF1B-1,TNFRSF1B,MATCHED_NEGATIVE,CURRENT_GUIDE,CGGAGGCCCAGCAGCGTCTG,NONE,SOURCE_IDENTITY_CONFIRMED,CURRENT_MANIFEST,BLOCKED_PENDING_ON_OFF_TARGET_AND_VECTOR_QC,CRISPRa,SpCas9,NGG,GCF_000001405.40_GRCh38.p14,GCF_000001405.40-RS_2025_08,UNSELECTED,UNSELECTED,BLOCKED_ENGINE_AND_PARAMETERS_NOT_FROZEN,09a73e4f2d3674b04f58f464d839282b23348655,1f93ab0ef86d9ec548409aab84884f13bf757c548f65c3e6e0cf3c8e9bfd3ef1,1bbcf56e4c749460f5d6e07648b341bcd28500c059c685bee1a418befeb063b7,2026-07-12T15:40:12.240306-03:00,python scripts/build_guide_qc_package.py,guide_qc_replacement_shortlist_v1
GATA3-2,GATA3,MECHANISTIC_SENTINEL,CURRENT_GUIDE,GGCGCTGGCGAGTAGGGGAC,NONE,SOURCE_IDENTITY_CONFIRMED,CURRENT_MANIFEST,BLOCKED_PENDING_ON_OFF_TARGET_AND_VECTOR_QC,CRISPRa,SpCas9,NGG,GCF_000001405.40_GRCh38.p14,GCF_000001405.40-RS_2025_08,UNSELECTED,UNSELECTED,BLOCKED_ENGINE_AND_PARAMETERS_NOT_FROZEN,09a73e4f2d3674b04f58f464d839282b23348655,1f93ab0ef86d9ec548409aab84884f13bf757c548f65c3e6e0cf3c8e9bfd3ef1,1bbcf56e4c749460f5d6e07648b341bcd28500c059c685bee1a418befeb063b7,2026-07-12T15:40:12.240306-03:00,python scripts/build_guide_qc_package.py,guide_qc_replacement_shortlist_v1
GATA3-1,GATA3,MECHANISTIC_SENTINEL,CURRENT_GUIDE,CGGGGGGAGAAGTCCTGGAG,HOMOPOLYMER_5,SOURCE_IDENTITY_CONFIRMED,CURRENT_MANIFEST,BLOCKED_PENDING_ON_OFF_TARGET_AND_VECTOR_QC,CRISPRa,SpCas9,NGG,GCF_000001405.40_GRCh38.p14,GCF_000001405.40-RS_2025_08,UNSELECTED,UNSELECTED,BLOCKED_ENGINE_AND_PARAMETERS_NOT_FROZEN,09a73e4f2d3674b04f58f464d839282b23348655,1f93ab0ef86d9ec548409aab84884f13bf757c548f65c3e6e0cf3c8e9bfd3ef1,1bbcf56e4c749460f5d6e07648b341bcd28500c059c685bee1a418befeb063b7,2026-07-12T15:40:12.240306-03:00,python scripts/build_guide_qc_package.py,guide_qc_replacement_shortlist_v1
TBX21-1,TBX21,MECHANISTIC_SENTINEL,CURRENT_GUIDE,TACTGCAGGGCCCCCCATGG,HOMOPOLYMER_5,SOURCE_IDENTITY_CONFIRMED,CURRENT_MANIFEST,BLOCKED_PENDING_ON_OFF_TARGET_AND_VECTOR_QC,CRISPRa,SpCas9,NGG,GCF_000001405.40_GRCh38.p14,GCF_000001405.40-RS_2025_08,UNSELECTED,UNSELECTED,BLOCKED_ENGINE_AND_PARAMETERS_NOT_FROZEN,09a73e4f2d3674b04f58f464d839282b23348655,1f93ab0ef86d9ec548409aab84884f13bf757c548f65c3e6e0cf3c8e9bfd3ef1,1bbcf56e4c749460f5d6e07648b341bcd28500c059c685bee1a418befeb063b7,2026-07-12T15:40:12.240306-03:00,python scripts/build_guide_qc_package.py,guide_qc_replacement_shortlist_v1
TBX21-2,TBX21,MECHANISTIC_SENTINEL,CURRENT_GUIDE,GAGTACTGCAGGGCCCCCCA,HOMOPOLYMER_5,SOURCE_IDENTITY_CONFIRMED,CURRENT_MANIFEST,BLOCKED_PENDING_ON_OFF_TARGET_AND_VECTOR_QC,CRISPRa,SpCas9,NGG,GCF_000001405.40_GRCh38.p14,GCF_000001405.40-RS_2025_08,UNSELECTED,UNSELECTED,BLOCKED_ENGINE_AND_PARAMETERS_NOT_FROZEN,09a73e4f2d3674b04f58f464d839282b23348655,1f93ab0ef86d9ec548409aab84884f13bf757c548f65c3e6e0cf3c8e9bfd3ef1,1bbcf56e4c749460f5d6e07648b341bcd28500c059c685bee1a418befeb063b7,2026-07-12T15:40:12.240306-03:00,python scripts/build_guide_qc_package.py,guide_qc_replacement_shortlist_v1
NO-TARGET-3,NO-TARGET,NON_TARGET_CONTROL,CURRENT_GUIDE,TTCCTGCCCGAACTGCAGAA,NONE,SOURCE_IDENTITY_CONFIRMED,CURRENT_MANIFEST,BLOCKED_PENDING_ON_OFF_TARGET_AND_VECTOR_QC,CRISPRa,SpCas9,NGG,GCF_000001405.40_GRCh38.p14,GCF_000001405.40-RS_2025_08,UNSELECTED,UNSELECTED,BLOCKED_ENGINE_AND_PARAMETERS_NOT_FROZEN,09a73e4f2d3674b04f58f464d839282b23348655,1f93ab0ef86d9ec548409aab84884f13bf757c548f65c3e6e0cf3c8e9bfd3ef1,1bbcf56e4c749460f5d6e07648b341bcd28500c059c685bee1a418befeb063b7,2026-07-12T15:40:12.240306-03:00,python scripts/build_guide_qc_package.py,guide_qc_replacement_shortlist_v1
NO-TARGET-1,NO-TARGET,NON_TARGET_CONTROL,CURRENT_GUIDE,GGAATGTCCTAGGTTACTGA,NONE,SOURCE_IDENTITY_CONFIRMED,CURRENT_MANIFEST,BLOCKED_PENDING_ON_OFF_TARGET_AND_VECTOR_QC,CRISPRa,SpCas9,NGG,GCF_000001405.40_GRCh38.p14,GCF_000001405.40-RS_2025_08,UNSELECTED,UNSELECTED,BLOCKED_ENGINE_AND_PARAMETERS_NOT_FROZEN,09a73e4f2d3674b04f58f464d839282b23348655,1f93ab0ef86d9ec548409aab84884f13bf757c548f65c3e6e0cf3c8e9bfd3ef1,1bbcf56e4c749460f5d6e07648b341bcd28500c059c685bee1a418befeb063b7,2026-07-12T15:40:12.240306-03:00,python scripts/build_guide_qc_package.py,guide_qc_replacement_shortlist_v1
NO-TARGET-4,NO-TARGET,NON_TARGET_CONTROL,CURRENT_GUIDE,TAGTTACAGACTCAGCGGGT,NONE,SOURCE_IDENTITY_CONFIRMED,CURRENT_MANIFEST,BLOCKED_PENDING_ON_OFF_TARGET_AND_VECTOR_QC,CRISPRa,SpCas9,NGG,GCF_000001405.40_GRCh38.p14,GCF_000001405.40-RS_2025_08,UNSELECTED,UNSELECTED,BLOCKED_ENGINE_AND_PARAMETERS_NOT_FROZEN,09a73e4f2d3674b04f58f464d839282b23348655,1f93ab0ef86d9ec548409aab84884f13bf757c548f65c3e6e0cf3c8e9bfd3ef1,1bbcf56e4c749460f5d6e07648b341bcd28500c059c685bee1a418befeb063b7,2026-07-12T15:40:12.240306-03:00,python scripts/build_guide_qc_package.py,guide_qc_replacement_shortlist_v1
NO-TARGET-5,NO-TARGET,NON_TARGET_CONTROL,CURRENT_GUIDE,GTTCGCTTCGTAACGAGGAA,NONE,SOURCE_IDENTITY_CONFIRMED,CURRENT_MANIFEST,BLOCKED_PENDING_ON_OFF_TARGET_AND_VECTOR_QC,CRISPRa,SpCas9,NGG,GCF_000001405.40_GRCh38.p14,GCF_000001405.40-RS_2025_08,UNSELECTED,UNSELECTED,BLOCKED_ENGINE_AND_PARAMETERS_NOT_FROZEN,09a73e4f2d3674b04f58f464d839282b23348655,1f93ab0ef86d9ec548409aab84884f13bf757c548f65c3e6e0cf3c8e9bfd3ef1,1bbcf56e4c749460f5d6e07648b341bcd28500c059c685bee1a418befeb063b7,2026-07-12T15:40:12.240306-03:00,python scripts/build_guide_qc_package.py,guide_qc_replacement_shortlist_v1
PRKD2-FALLBACK-1,PRKD2,PRIMARY_POSITIVE,FALLBACK_CANDIDATE,GCCTCCAGGGTCCGGGACAA,NONE,CALABRESE_SOURCE_CANDIDATE,BACKUP_ONLY,REQUIRES_ON_OFF_TARGET_AND_VECTOR_QC,CRISPRa,SpCas9,NGG,GCF_000001405.40_GRCh38.p14,GCF_000001405.40-RS_2025_08,UNSELECTED,UNSELECTED,BLOCKED_ENGINE_AND_PARAMETERS_NOT_FROZEN,09a73e4f2d3674b04f58f464d839282b23348655,1f93ab0ef86d9ec548409aab84884f13bf757c548f65c3e6e0cf3c8e9bfd3ef1,1bbcf56e4c749460f5d6e07648b341bcd28500c059c685bee1a418befeb063b7,2026-07-12T15:40:12.240306-03:00,python scripts/build_guide_qc_package.py,guide_qc_replacement_shortlist_v1
PRKD2-FALLBACK-2,PRKD2,PRIMARY_POSITIVE,FALLBACK_CANDIDATE,CCATCCCTTGTCCCGGACCC,NONE,CALABRESE_SOURCE_CANDIDATE,BACKUP_ONLY,REQUIRES_ON_OFF_TARGET_AND_VECTOR_QC,CRISPRa,SpCas9,NGG,GCF_000001405.40_GRCh38.p14,GCF_000001405.40-RS_2025_08,UNSELECTED,UNSELECTED,BLOCKED_ENGINE_AND_PARAMETERS_NOT_FROZEN,09a73e4f2d3674b04f58f464d839282b23348655,1f93ab0ef86d9ec548409aab84884f13bf757c548f65c3e6e0cf3c8e9bfd3ef1,1bbcf56e4c749460f5d6e07648b341bcd28500c059c685bee1a418befeb063b7,2026-07-12T15:40:12.240306-03:00,python scripts/build_guide_qc_package.py,guide_qc_replacement_shortlist_v1
PRKD2-FALLBACK-3,PRKD2,PRIMARY_POSITIVE,FALLBACK_CANDIDATE,GGGCCGGGGGCGGAAGGGGA,HOMOPOLYMER_5|GC_GT_80_PERCENT,CALABRESE_SOURCE_CANDIDATE,BACKUP_ONLY,REQUIRES_ON_OFF_TARGET_AND_VECTOR_QC,CRISPRa,SpCas9,NGG,GCF_000001405.40_GRCh38.p14,GCF_000001405.40-RS_2025_08,UNSELECTED,UNSELECTED,BLOCKED_ENGINE_AND_PARAMETERS_NOT_FROZEN,09a73e4f2d3674b04f58f464d839282b23348655,1f93ab0ef86d9ec548409aab84884f13bf757c548f65c3e6e0cf3c8e9bfd3ef1,1bbcf56e4c749460f5d6e07648b341bcd28500c059c685bee1a418befeb063b7,2026-07-12T15:40:12.240306-03:00,python scripts/build_guide_qc_package.py,guide_qc_replacement_shortlist_v1
TNFRSF9-FALLBACK-1,TNFRSF9,PRIMARY_POSITIVE,FALLBACK_CANDIDATE,ATAGGGCTGTCACAGAGCTG,NONE,CALABRESE_SOURCE_CANDIDATE,HIGH_ALL_CURRENT_GUIDES_REVIEW,REQUIRES_ON_OFF_TARGET_AND_VECTOR_QC,CRISPRa,SpCas9,NGG,GCF_000001405.40_GRCh38.p14,GCF_000001405.40-RS_2025_08,UNSELECTED,UNSELECTED,BLOCKED_ENGINE_AND_PARAMETERS_NOT_FROZEN,09a73e4f2d3674b04f58f464d839282b23348655,1f93ab0ef86d9ec548409aab84884f13bf757c548f65c3e6e0cf3c8e9bfd3ef1,1bbcf56e4c749460f5d6e07648b341bcd28500c059c685bee1a418befeb063b7,2026-07-12T15:40:12.240306-03:00,python scripts/build_guide_qc_package.py,guide_qc_replacement_shortlist_v1
TNFRSF9-FALLBACK-2,TNFRSF9,PRIMARY_POSITIVE,FALLBACK_CANDIDATE,GGGCTGTCACAGAGCTGTGG,NONE,CALABRESE_SOURCE_CANDIDATE,HIGH_ALL_CURRENT_GUIDES_REVIEW,REQUIRES_ON_OFF_TARGET_AND_VECTOR_QC,CRISPRa,SpCas9,NGG,GCF_000001405.40_GRCh38.p14,GCF_000001405.40-RS_2025_08,UNSELECTED,UNSELECTED,BLOCKED_ENGINE_AND_PARAMETERS_NOT_FROZEN,09a73e4f2d3674b04f58f464d839282b23348655,1f93ab0ef86d9ec548409aab84884f13bf757c548f65c3e6e0cf3c8e9bfd3ef1,1bbcf56e4c749460f5d6e07648b341bcd28500c059c685bee1a418befeb063b7,2026-07-12T15:40:12.240306-03:00,python scripts/build_guide_qc_package.py,guide_qc_replacement_shortlist_v1
TNFRSF9-FALLBACK-3,TNFRSF9,PRIMARY_POSITIVE,FALLBACK_CANDIDATE,GGCTGTCACAGAGCTGTGGT,NONE,CALABRESE_SOURCE_CANDIDATE,HIGH_ALL_CURRENT_GUIDES_REVIEW,REQUIRES_ON_OFF_TARGET_AND_VECTOR_QC,CRISPRa,SpCas9,NGG,GCF_000001405.40_GRCh38.p14,GCF_000001405.40-RS_2025_08,UNSELECTED,UNSELECTED,BLOCKED_ENGINE_AND_PARAMETERS_NOT_FROZEN,09a73e4f2d3674b04f58f464d839282b23348655,1f93ab0ef86d9ec548409aab84884f13bf757c548f65c3e6e0cf3c8e9bfd3ef1,1bbcf56e4c749460f5d6e07648b341bcd28500c059c685bee1a418befeb063b7,2026-07-12T15:40:12.240306-03:00,python scripts/build_guide_qc_package.py,guide_qc_replacement_shortlist_v1
LHX4-FALLBACK-1,LHX4,MATCHED_NEGATIVE,FALLBACK_CANDIDATE,GTGAATGAATCAAAACGCCC,NONE,CALABRESE_SOURCE_CANDIDATE,BACKUP_ONLY,REQUIRES_ON_OFF_TARGET_AND_VECTOR_QC,CRISPRa,SpCas9,NGG,GCF_000001405.40_GRCh38.p14,GCF_000001405.40-RS_2025_08,UNSELECTED,UNSELECTED,BLOCKED_ENGINE_AND_PARAMETERS_NOT_FROZEN,09a73e4f2d3674b04f58f464d839282b23348655,1f93ab0ef86d9ec548409aab84884f13bf757c548f65c3e6e0cf3c8e9bfd3ef1,1bbcf56e4c749460f5d6e07648b341bcd28500c059c685bee1a418befeb063b7,2026-07-12T15:40:12.240306-03:00,python scripts/build_guide_qc_package.py,guide_qc_replacement_shortlist_v1
LHX4-FALLBACK-2,LHX4,MATCHED_NEGATIVE,FALLBACK_CANDIDATE,CCCTGCGGAAAGCGACGTCA,NONE,CALABRESE_SOURCE_CANDIDATE,BACKUP_ONLY,REQUIRES_ON_OFF_TARGET_AND_VECTOR_QC,CRISPRa,SpCas9,NGG,GCF_000001405.40_GRCh38.p14,GCF_000001405.40-RS_2025_08,UNSELECTED,UNSELECTED,BLOCKED_ENGINE_AND_PARAMETERS_NOT_FROZEN,09a73e4f2d3674b04f58f464d839282b23348655,1f93ab0ef86d9ec548409aab84884f13bf757c548f65c3e6e0cf3c8e9bfd3ef1,1bbcf56e4c749460f5d6e07648b341bcd28500c059c685bee1a418befeb063b7,2026-07-12T15:40:12.240306-03:00,python scripts/build_guide_qc_package.py,guide_qc_replacement_shortlist_v1
LHX4-FALLBACK-3,LHX4,MATCHED_NEGATIVE,FALLBACK_CANDIDATE,TGTGAATGAATCAAAACGCC,NONE,CALABRESE_SOURCE_CANDIDATE,BACKUP_ONLY,REQUIRES_ON_OFF_TARGET_AND_VECTOR_QC,CRISPRa,SpCas9,NGG,GCF_000001405.40_GRCh38.p14,GCF_000001405.40-RS_2025_08,UNSELECTED,UNSELECTED,BLOCKED_ENGINE_AND_PARAMETERS_NOT_FROZEN,09a73e4f2d3674b04f58f464d839282b23348655,1f93ab0ef86d9ec548409aab84884f13bf757c548f65c3e6e0cf3c8e9bfd3ef1,1bbcf56e4c749460f5d6e07648b341bcd28500c059c685bee1a418befeb063b7,2026-07-12T15:40:12.240306-03:00,python scripts/build_guide_qc_package.py,guide_qc_replacement_shortlist_v1
LTBR-FALLBACK-1,LTBR,MATCHED_NEGATIVE,FALLBACK_CANDIDATE,GCGGCCGGGAAAGCACGTGA,NONE,CALABRESE_SOURCE_CANDIDATE,BACKUP_ONLY,REQUIRES_ON_OFF_TARGET_AND_VECTOR_QC,CRISPRa,SpCas9,NGG,GCF_000001405.40_GRCh38.p14,GCF_000001405.40-RS_2025_08,UNSELECTED,UNSELECTED,BLOCKED_ENGINE_AND_PARAMETERS_NOT_FROZEN,09a73e4f2d3674b04f58f464d839282b23348655,1f93ab0ef86d9ec548409aab84884f13bf757c548f65c3e6e0cf3c8e9bfd3ef1,1bbcf56e4c749460f5d6e07648b341bcd28500c059c685bee1a418befeb063b7,2026-07-12T15:40:12.240306-03:00,python scripts/build_guide_qc_package.py,guide_qc_replacement_shortlist_v1
LTBR-FALLBACK-2,LTBR,MATCHED_NEGATIVE,FALLBACK_CANDIDATE,GAAAGCACGTGAGGGCCGCG,NONE,CALABRESE_SOURCE_CANDIDATE,BACKUP_ONLY,REQUIRES_ON_OFF_TARGET_AND_VECTOR_QC,CRISPRa,SpCas9,NGG,GCF_000001405.40_GRCh38.p14,GCF_000001405.40-RS_2025_08,UNSELECTED,UNSELECTED,BLOCKED_ENGINE_AND_PARAMETERS_NOT_FROZEN,09a73e4f2d3674b04f58f464d839282b23348655,1f93ab0ef86d9ec548409aab84884f13bf757c548f65c3e6e0cf3c8e9bfd3ef1,1bbcf56e4c749460f5d6e07648b341bcd28500c059c685bee1a418befeb063b7,2026-07-12T15:40:12.240306-03:00,python scripts/build_guide_qc_package.py,guide_qc_replacement_shortlist_v1
LTBR-FALLBACK-3,LTBR,MATCHED_NEGATIVE,FALLBACK_CANDIDATE,TTGTCTGCCTCGATGCGGGG,NONE,CALABRESE_SOURCE_CANDIDATE,BACKUP_ONLY,REQUIRES_ON_OFF_TARGET_AND_VECTOR_QC,CRISPRa,SpCas9,NGG,GCF_000001405.40_GRCh38.p14,GCF_000001405.40-RS_2025_08,UNSELECTED,UNSELECTED,BLOCKED_ENGINE_AND_PARAMETERS_NOT_FROZEN,09a73e4f2d3674b04f58f464d839282b23348655,1f93ab0ef86d9ec548409aab84884f13bf757c548f65c3e6e0cf3c8e9bfd3ef1,1bbcf56e4c749460f5d6e07648b341bcd28500c059c685bee1a418befeb063b7,2026-07-12T15:40:12.240306-03:00,python scripts/build_guide_qc_package.py,guide_qc_replacement_shortlist_v1
OTUD7B-FALLBACK-1,OTUD7B,MATCHED_NEGATIVE,FALLBACK_CANDIDATE,AGCCTGGGGAGCGGCGCTAA,NONE,CALABRESE_SOURCE_CANDIDATE,BACKUP_ONLY,REQUIRES_ON_OFF_TARGET_AND_VECTOR_QC,CRISPRa,SpCas9,NGG,GCF_000001405.40_GRCh38.p14,GCF_000001405.40-RS_2025_08,UNSELECTED,UNSELECTED,BLOCKED_ENGINE_AND_PARAMETERS_NOT_FROZEN,09a73e4f2d3674b04f58f464d839282b23348655,1f93ab0ef86d9ec548409aab84884f13bf757c548f65c3e6e0cf3c8e9bfd3ef1,1bbcf56e4c749460f5d6e07648b341bcd28500c059c685bee1a418befeb063b7,2026-07-12T15:40:12.240306-03:00,python scripts/build_guide_qc_package.py,guide_qc_replacement_shortlist_v1
OTUD7B-FALLBACK-2,OTUD7B,MATCHED_NEGATIVE,FALLBACK_CANDIDATE,TAGCGCCGCTCCCCAGGCTG,NONE,CALABRESE_SOURCE_CANDIDATE,BACKUP_ONLY,REQUIRES_ON_OFF_TARGET_AND_VECTOR_QC,CRISPRa,SpCas9,NGG,GCF_000001405.40_GRCh38.p14,GCF_000001405.40-RS_2025_08,UNSELECTED,UNSELECTED,BLOCKED_ENGINE_AND_PARAMETERS_NOT_FROZEN,09a73e4f2d3674b04f58f464d839282b23348655,1f93ab0ef86d9ec548409aab84884f13bf757c548f65c3e6e0cf3c8e9bfd3ef1,1bbcf56e4c749460f5d6e07648b341bcd28500c059c685bee1a418befeb063b7,2026-07-12T15:40:12.240306-03:00,python scripts/build_guide_qc_package.py,guide_qc_replacement_shortlist_v1
OTUD7B-FALLBACK-3,OTUD7B,MATCHED_NEGATIVE,FALLBACK_CANDIDATE,AAGGCGGGGCTGCGACGGGG,NONE,CALABRESE_SOURCE_CANDIDATE,BACKUP_ONLY,REQUIRES_ON_OFF_TARGET_AND_VECTOR_QC,CRISPRa,SpCas9,NGG,GCF_000001405.40_GRCh38.p14,GCF_000001405.40-RS_2025_08,UNSELECTED,UNSELECTED,BLOCKED_ENGINE_AND_PARAMETERS_NOT_FROZEN,09a73e4f2d3674b04f58f464d839282b23348655,1f93ab0ef86d9ec548409aab84884f13bf757c548f65c3e6e0cf3c8e9bfd3ef1,1bbcf56e4c749460f5d6e07648b341bcd28500c059c685bee1a418befeb063b7,2026-07-12T15:40:12.240306-03:00,python scripts/build_guide_qc_package.py,guide_qc_replacement_shortlist_v1
PAPOLG-FALLBACK-1,PAPOLG,MATCHED_NEGATIVE,FALLBACK_CANDIDATE,TAAATACTCCTTCGAACCAA,NONE,CALABRESE_SOURCE_CANDIDATE,BACKUP_ONLY,REQUIRES_ON_OFF_TARGET_AND_VECTOR_QC,CRISPRa,SpCas9,NGG,GCF_000001405.40_GRCh38.p14,GCF_000001405.40-RS_2025_08,UNSELECTED,UNSELECTED,BLOCKED_ENGINE_AND_PARAMETERS_NOT_FROZEN,09a73e4f2d3674b04f58f464d839282b23348655,1f93ab0ef86d9ec548409aab84884f13bf757c548f65c3e6e0cf3c8e9bfd3ef1,1bbcf56e4c749460f5d6e07648b341bcd28500c059c685bee1a418befeb063b7,2026-07-12T15:40:12.240306-03:00,python scripts/build_guide_qc_package.py,guide_qc_replacement_shortlist_v1
PAPOLG-FALLBACK-2,PAPOLG,MATCHED_NEGATIVE,FALLBACK_CANDIDATE,CCCGGGACCTAAAGGCAGAG,NONE,CALABRESE_SOURCE_CANDIDATE,BACKUP_ONLY,REQUIRES_ON_OFF_TARGET_AND_VECTOR_QC,CRISPRa,SpCas9,NGG,GCF_000001405.40_GRCh38.p14,GCF_000001405.40-RS_2025_08,UNSELECTED,UNSELECTED,BLOCKED_ENGINE_AND_PARAMETERS_NOT_FROZEN,09a73e4f2d3674b04f58f464d839282b23348655,1f93ab0ef86d9ec548409aab84884f13bf757c548f65c3e6e0cf3c8e9bfd3ef1,1bbcf56e4c749460f5d6e07648b341bcd28500c059c685bee1a418befeb063b7,2026-07-12T15:40:12.240306-03:00,python scripts/build_guide_qc_package.py,guide_qc_replacement_shortlist_v1
PAPOLG-FALLBACK-3,PAPOLG,MATCHED_NEGATIVE,FALLBACK_CANDIDATE,CTCTGCCTTTAGGTCCCGGG,NONE,CALABRESE_SOURCE_CANDIDATE,BACKUP_ONLY,REQUIRES_ON_OFF_TARGET_AND_VECTOR_QC,CRISPRa,SpCas9,NGG,GCF_000001405.40_GRCh38.p14,GCF_000001405.40-RS_2025_08,UNSELECTED,UNSELECTED,BLOCKED_ENGINE_AND_PARAMETERS_NOT_FROZEN,09a73e4f2d3674b04f58f464d839282b23348655,1f93ab0ef86d9ec548409aab84884f13bf757c548f65c3e6e0cf3c8e9bfd3ef1,1bbcf56e4c749460f5d6e07648b341bcd28500c059c685bee1a418befeb063b7,2026-07-12T15:40:12.240306-03:00,python scripts/build_guide_qc_package.py,guide_qc_replacement_shortlist_v1
GATA3-FALLBACK-1,GATA3,MECHANISTIC_SENTINEL,FALLBACK_CANDIDATE,GGGACAGGATCCCCGGCACA,NONE,CALABRESE_SOURCE_CANDIDATE,BACKUP_ONLY,REQUIRES_ON_OFF_TARGET_AND_VECTOR_QC,CRISPRa,SpCas9,NGG,GCF_000001405.40_GRCh38.p14,GCF_000001405.40-RS_2025_08,UNSELECTED,UNSELECTED,BLOCKED_ENGINE_AND_PARAMETERS_NOT_FROZEN,09a73e4f2d3674b04f58f464d839282b23348655,1f93ab0ef86d9ec548409aab84884f13bf757c548f65c3e6e0cf3c8e9bfd3ef1,1bbcf56e4c749460f5d6e07648b341bcd28500c059c685bee1a418befeb063b7,2026-07-12T15:40:12.240306-03:00,python scripts/build_guide_qc_package.py,guide_qc_replacement_shortlist_v1
GATA3-FALLBACK-2,GATA3,MECHANISTIC_SENTINEL,FALLBACK_CANDIDATE,GTTGCAGTTTCCTTGTGCCG,NONE,CALABRESE_SOURCE_CANDIDATE,BACKUP_ONLY,REQUIRES_ON_OFF_TARGET_AND_VECTOR_QC,CRISPRa,SpCas9,NGG,GCF_000001405.40_GRCh38.p14,GCF_000001405.40-RS_2025_08,UNSELECTED,UNSELECTED,BLOCKED_ENGINE_AND_PARAMETERS_NOT_FROZEN,09a73e4f2d3674b04f58f464d839282b23348655,1f93ab0ef86d9ec548409aab84884f13bf757c548f65c3e6e0cf3c8e9bfd3ef1,1bbcf56e4c749460f5d6e07648b341bcd28500c059c685bee1a418befeb063b7,2026-07-12T15:40:12.240306-03:00,python scripts/build_guide_qc_package.py,guide_qc_replacement_shortlist_v1
GATA3-FALLBACK-3,GATA3,MECHANISTIC_SENTINEL,FALLBACK_CANDIDATE,CTGCAACCCAAACCCGCTCC,NONE,CALABRESE_SOURCE_CANDIDATE,BACKUP_ONLY,REQUIRES_ON_OFF_TARGET_AND_VECTOR_QC,CRISPRa,SpCas9,NGG,GCF_000001405.40_GRCh38.p14,GCF_000001405.40-RS_2025_08,UNSELECTED,UNSELECTED,BLOCKED_ENGINE_AND_PARAMETERS_NOT_FROZEN,09a73e4f2d3674b04f58f464d839282b23348655,1f93ab0ef86d9ec548409aab84884f13bf757c548f65c3e6e0cf3c8e9bfd3ef1,1bbcf56e4c749460f5d6e07648b341bcd28500c059c685bee1a418befeb063b7,2026-07-12T15:40:12.240306-03:00,python scripts/build_guide_qc_package.py,guide_qc_replacement_shortlist_v1
TBX21-FALLBACK-1,TBX21,MECHANISTIC_SENTINEL,FALLBACK_CANDIDATE,TTAGCCACGAGAGGGCGGGG,NONE,CALABRESE_SOURCE_CANDIDATE,HIGH_ALL_CURRENT_GUIDES_REVIEW,REQUIRES_ON_OFF_TARGET_AND_VECTOR_QC,CRISPRa,SpCas9,NGG,GCF_000001405.40_GRCh38.p14,GCF_000001405.40-RS_2025_08,UNSELECTED,UNSELECTED,BLOCKED_ENGINE_AND_PARAMETERS_NOT_FROZEN,09a73e4f2d3674b04f58f464d839282b23348655,1f93ab0ef86d9ec548409aab84884f13bf757c548f65c3e6e0cf3c8e9bfd3ef1,1bbcf56e4c749460f5d6e07648b341bcd28500c059c685bee1a418befeb063b7,2026-07-12T15:40:12.240306-03:00,python scripts/build_guide_qc_package.py,guide_qc_replacement_shortlist_v1
TBX21-FALLBACK-2,TBX21,MECHANISTIC_SENTINEL,FALLBACK_CANDIDATE,TAGTATTAGCCACGAGAGGG,NONE,CALABRESE_SOURCE_CANDIDATE,HIGH_ALL_CURRENT_GUIDES_REVIEW,REQUIRES_ON_OFF_TARGET_AND_VECTOR_QC,CRISPRa,SpCas9,NGG,GCF_000001405.40_GRCh38.p14,GCF_000001405.40-RS_2025_08,UNSELECTED,UNSELECTED,BLOCKED_ENGINE_AND_PARAMETERS_NOT_FROZEN,09a73e4f2d3674b04f58f464d839282b23348655,1f93ab0ef86d9ec548409aab84884f13bf757c548f65c3e6e0cf3c8e9bfd3ef1,1bbcf56e4c749460f5d6e07648b341bcd28500c059c685bee1a418befeb063b7,2026-07-12T15:40:12.240306-03:00,python scripts/build_guide_qc_package.py,guide_qc_replacement_shortlist_v1
TBX21-FALLBACK-3,TBX21,MECHANISTIC_SENTINEL,FALLBACK_CANDIDATE,TGCCTAGTATTAGCCACGAG,NONE,CALABRESE_SOURCE_CANDIDATE,HIGH_ALL_CURRENT_GUIDES_REVIEW,REQUIRES_ON_OFF_TARGET_AND_VECTOR_QC,CRISPRa,SpCas9,NGG,GCF_000001405.40_GRCh38.p14,GCF_000001405.40-RS_2025_08,UNSELECTED,UNSELECTED,BLOCKED_ENGINE_AND_PARAMETERS_NOT_FROZEN,09a73e4f2d3674b04f58f464d839282b23348655,1f93ab0ef86d9ec548409aab84884f13bf757c548f65c3e6e0cf3c8e9bfd3ef1,1bbcf56e4c749460f5d6e07648b341bcd28500c059c685bee1a418befeb063b7,2026-07-12T15:40:12.240306-03:00,python scripts/build_guide_qc_package.py,guide_qc_replacement_shortlist_v1
