target,role,guide_id,guide_rank,nostim_cells,stim_cells,min_context_cells,total_cells,technical_target_score,counted_in_primary,prior_sequence_status,panel_git_sha,panel_data_sha256,panel_axes_sha256,panel_timestamp,panel_command,panel_method_version,protospacer_20nt,sequence_length,gc_fraction,basic_sequence_flags,exact_candidate_reads,support_wells,runner_up_reads,leading_g_shadows_removed,source_screens,best_source_screen_rank,source_identity_status,synthesis_status,git_sha,data_sha256,axes_sha256,timestamp,command,method_version
PRKD2,PRIMARY_POSITIVE,PRKD2-1,1,339,335,335,674,278,True,REQUIRES_DESIGN_AND_VALIDATION,2c7e6c09e19305d5db43682471acc64ba146db39,"{""data/external/gse190604/guidecalls.txt.gz"": ""ffd5a3050a69d013ddc09a43fae63642a7659cdb778f78c865e0829207e17b7c"", ""outputs/generalization/near_immune_scores.csv"": ""2f9c94a22d0205ab6bcbdecffcefa9509a8478f893d487eef8b4fc743b97ba75""}",1bbcf56e4c749460f5d6e07648b341bcd28500c059c685bee1a418befeb063b7,2026-07-12T14:56:09.705381-03:00,python scripts/build_prospective_donor_panel.py,prospective_donor_panel_v1,TCCCTTGTCCCGGACCCTGG,20,0.7,NONE,929,4,0,0,IFNG|IL2,1,SOURCE_IDENTITY_CONFIRMED,BLOCKED_PENDING_ON_OFF_TARGET_AND_VECTOR_QC,25b9b3fc14a055451120e4f5eb65f5b5327176ac,b2a4df668889702f0ea64dbf27bcd8d8c3897c34a638fd3192f4e959ecaf96a9,1bbcf56e4c749460f5d6e07648b341bcd28500c059c685bee1a418befeb063b7,2026-07-12T15:26:42.636649-03:00,python scripts/build_gse190604_guide_sequence_manifest.py --screen-il2 /tmp/CRISPRa.IL2.sgrna_summary.txt --screen-ifng /tmp/CRISPRa.IFNG.sgrna_summary.txt --run 1 SRR17189067 /tmp/SRR17189067_1.fastq.gz.part /tmp/SRR17189067_2.fastq.gz.part --run 2 SRR17189068 /tmp/SRR17189068_1.fastq.gz.part /tmp/SRR17189068_2.fastq.gz.part --run 3 SRR17189069 /tmp/SRR17189069_1.fastq.gz.part /tmp/SRR17189069_2.fastq.gz.part --run 4 SRR17189070 /tmp/SRR17189070_1.fastq.gz.part /tmp/SRR17189070_2.fastq.gz.part,gse190604_guide_sequence_resolution_v1
PRKD2,PRIMARY_POSITIVE,PRKD2-2,2,278,302,278,580,278,True,REQUIRES_DESIGN_AND_VALIDATION,2c7e6c09e19305d5db43682471acc64ba146db39,"{""data/external/gse190604/guidecalls.txt.gz"": ""ffd5a3050a69d013ddc09a43fae63642a7659cdb778f78c865e0829207e17b7c"", ""outputs/generalization/near_immune_scores.csv"": ""2f9c94a22d0205ab6bcbdecffcefa9509a8478f893d487eef8b4fc743b97ba75""}",1bbcf56e4c749460f5d6e07648b341bcd28500c059c685bee1a418befeb063b7,2026-07-12T14:56:09.705381-03:00,python scripts/build_prospective_donor_panel.py,prospective_donor_panel_v1,AGGTCCAGCCCCCAACTCGG,20,0.7,HOMOPOLYMER_5,932,4,1,0,IFNG|IL2,2,SOURCE_IDENTITY_CONFIRMED,BLOCKED_PENDING_ON_OFF_TARGET_AND_VECTOR_QC,25b9b3fc14a055451120e4f5eb65f5b5327176ac,b2a4df668889702f0ea64dbf27bcd8d8c3897c34a638fd3192f4e959ecaf96a9,1bbcf56e4c749460f5d6e07648b341bcd28500c059c685bee1a418befeb063b7,2026-07-12T15:26:42.636649-03:00,python scripts/build_gse190604_guide_sequence_manifest.py --screen-il2 /tmp/CRISPRa.IL2.sgrna_summary.txt --screen-ifng /tmp/CRISPRa.IFNG.sgrna_summary.txt --run 1 SRR17189067 /tmp/SRR17189067_1.fastq.gz.part /tmp/SRR17189067_2.fastq.gz.part --run 2 SRR17189068 /tmp/SRR17189068_1.fastq.gz.part /tmp/SRR17189068_2.fastq.gz.part --run 3 SRR17189069 /tmp/SRR17189069_1.fastq.gz.part /tmp/SRR17189069_2.fastq.gz.part --run 4 SRR17189070 /tmp/SRR17189070_1.fastq.gz.part /tmp/SRR17189070_2.fastq.gz.part,gse190604_guide_sequence_resolution_v1
CD27,PRIMARY_POSITIVE,CD27-1,1,475,374,374,849,276,True,REQUIRES_DESIGN_AND_VALIDATION,2c7e6c09e19305d5db43682471acc64ba146db39,"{""data/external/gse190604/guidecalls.txt.gz"": ""ffd5a3050a69d013ddc09a43fae63642a7659cdb778f78c865e0829207e17b7c"", ""outputs/generalization/near_immune_scores.csv"": ""2f9c94a22d0205ab6bcbdecffcefa9509a8478f893d487eef8b4fc743b97ba75""}",1bbcf56e4c749460f5d6e07648b341bcd28500c059c685bee1a418befeb063b7,2026-07-12T14:56:09.705381-03:00,python scripts/build_prospective_donor_panel.py,prospective_donor_panel_v1,AAGGAAGGCTCATGTGTTGG,20,0.5,NONE,886,4,0,0,IFNG|IL2,1,SOURCE_IDENTITY_CONFIRMED,BLOCKED_PENDING_ON_OFF_TARGET_AND_VECTOR_QC,25b9b3fc14a055451120e4f5eb65f5b5327176ac,b2a4df668889702f0ea64dbf27bcd8d8c3897c34a638fd3192f4e959ecaf96a9,1bbcf56e4c749460f5d6e07648b341bcd28500c059c685bee1a418befeb063b7,2026-07-12T15:26:42.636649-03:00,python scripts/build_gse190604_guide_sequence_manifest.py --screen-il2 /tmp/CRISPRa.IL2.sgrna_summary.txt --screen-ifng /tmp/CRISPRa.IFNG.sgrna_summary.txt --run 1 SRR17189067 /tmp/SRR17189067_1.fastq.gz.part /tmp/SRR17189067_2.fastq.gz.part --run 2 SRR17189068 /tmp/SRR17189068_1.fastq.gz.part /tmp/SRR17189068_2.fastq.gz.part --run 3 SRR17189069 /tmp/SRR17189069_1.fastq.gz.part /tmp/SRR17189069_2.fastq.gz.part --run 4 SRR17189070 /tmp/SRR17189070_1.fastq.gz.part /tmp/SRR17189070_2.fastq.gz.part,gse190604_guide_sequence_resolution_v1
CD27,PRIMARY_POSITIVE,CD27-2,2,330,276,276,606,276,True,REQUIRES_DESIGN_AND_VALIDATION,2c7e6c09e19305d5db43682471acc64ba146db39,"{""data/external/gse190604/guidecalls.txt.gz"": ""ffd5a3050a69d013ddc09a43fae63642a7659cdb778f78c865e0829207e17b7c"", ""outputs/generalization/near_immune_scores.csv"": ""2f9c94a22d0205ab6bcbdecffcefa9509a8478f893d487eef8b4fc743b97ba75""}",1bbcf56e4c749460f5d6e07648b341bcd28500c059c685bee1a418befeb063b7,2026-07-12T14:56:09.705381-03:00,python scripts/build_prospective_donor_panel.py,prospective_donor_panel_v1,ACTAAGGAAGGCTCATGTGT,20,0.45,NONE,1271,4,0,0,IFNG|IL2,2,SOURCE_IDENTITY_CONFIRMED,BLOCKED_PENDING_ON_OFF_TARGET_AND_VECTOR_QC,25b9b3fc14a055451120e4f5eb65f5b5327176ac,b2a4df668889702f0ea64dbf27bcd8d8c3897c34a638fd3192f4e959ecaf96a9,1bbcf56e4c749460f5d6e07648b341bcd28500c059c685bee1a418befeb063b7,2026-07-12T15:26:42.636649-03:00,python scripts/build_gse190604_guide_sequence_manifest.py --screen-il2 /tmp/CRISPRa.IL2.sgrna_summary.txt --screen-ifng /tmp/CRISPRa.IFNG.sgrna_summary.txt --run 1 SRR17189067 /tmp/SRR17189067_1.fastq.gz.part /tmp/SRR17189067_2.fastq.gz.part --run 2 SRR17189068 /tmp/SRR17189068_1.fastq.gz.part /tmp/SRR17189068_2.fastq.gz.part --run 3 SRR17189069 /tmp/SRR17189069_1.fastq.gz.part /tmp/SRR17189069_2.fastq.gz.part --run 4 SRR17189070 /tmp/SRR17189070_1.fastq.gz.part /tmp/SRR17189070_2.fastq.gz.part,gse190604_guide_sequence_resolution_v1
TRAF3IP2,PRIMARY_POSITIVE,TRAF3IP2-1,1,551,505,505,1056,236,True,REQUIRES_DESIGN_AND_VALIDATION,2c7e6c09e19305d5db43682471acc64ba146db39,"{""data/external/gse190604/guidecalls.txt.gz"": ""ffd5a3050a69d013ddc09a43fae63642a7659cdb778f78c865e0829207e17b7c"", ""outputs/generalization/near_immune_scores.csv"": ""2f9c94a22d0205ab6bcbdecffcefa9509a8478f893d487eef8b4fc743b97ba75""}",1bbcf56e4c749460f5d6e07648b341bcd28500c059c685bee1a418befeb063b7,2026-07-12T14:56:09.705381-03:00,python scripts/build_prospective_donor_panel.py,prospective_donor_panel_v1,TGGCCCTTTCTCATGAATGA,20,0.45,NONE,3868,4,0,0,IFNG|IL2,1,SOURCE_IDENTITY_CONFIRMED,BLOCKED_PENDING_ON_OFF_TARGET_AND_VECTOR_QC,25b9b3fc14a055451120e4f5eb65f5b5327176ac,b2a4df668889702f0ea64dbf27bcd8d8c3897c34a638fd3192f4e959ecaf96a9,1bbcf56e4c749460f5d6e07648b341bcd28500c059c685bee1a418befeb063b7,2026-07-12T15:26:42.636649-03:00,python scripts/build_gse190604_guide_sequence_manifest.py --screen-il2 /tmp/CRISPRa.IL2.sgrna_summary.txt --screen-ifng /tmp/CRISPRa.IFNG.sgrna_summary.txt --run 1 SRR17189067 /tmp/SRR17189067_1.fastq.gz.part /tmp/SRR17189067_2.fastq.gz.part --run 2 SRR17189068 /tmp/SRR17189068_1.fastq.gz.part /tmp/SRR17189068_2.fastq.gz.part --run 3 SRR17189069 /tmp/SRR17189069_1.fastq.gz.part /tmp/SRR17189069_2.fastq.gz.part --run 4 SRR17189070 /tmp/SRR17189070_1.fastq.gz.part /tmp/SRR17189070_2.fastq.gz.part,gse190604_guide_sequence_resolution_v1
TRAF3IP2,PRIMARY_POSITIVE,TRAF3IP2-2,2,236,272,236,508,236,True,REQUIRES_DESIGN_AND_VALIDATION,2c7e6c09e19305d5db43682471acc64ba146db39,"{""data/external/gse190604/guidecalls.txt.gz"": ""ffd5a3050a69d013ddc09a43fae63642a7659cdb778f78c865e0829207e17b7c"", ""outputs/generalization/near_immune_scores.csv"": ""2f9c94a22d0205ab6bcbdecffcefa9509a8478f893d487eef8b4fc743b97ba75""}",1bbcf56e4c749460f5d6e07648b341bcd28500c059c685bee1a418befeb063b7,2026-07-12T14:56:09.705381-03:00,python scripts/build_prospective_donor_panel.py,prospective_donor_panel_v1,CCGTTGATTCACTGCCCACA,20,0.55,NONE,736,4,3,0,IFNG|IL2,2,SOURCE_IDENTITY_CONFIRMED,BLOCKED_PENDING_ON_OFF_TARGET_AND_VECTOR_QC,25b9b3fc14a055451120e4f5eb65f5b5327176ac,b2a4df668889702f0ea64dbf27bcd8d8c3897c34a638fd3192f4e959ecaf96a9,1bbcf56e4c749460f5d6e07648b341bcd28500c059c685bee1a418befeb063b7,2026-07-12T15:26:42.636649-03:00,python scripts/build_gse190604_guide_sequence_manifest.py --screen-il2 /tmp/CRISPRa.IL2.sgrna_summary.txt --screen-ifng /tmp/CRISPRa.IFNG.sgrna_summary.txt --run 1 SRR17189067 /tmp/SRR17189067_1.fastq.gz.part /tmp/SRR17189067_2.fastq.gz.part --run 2 SRR17189068 /tmp/SRR17189068_1.fastq.gz.part /tmp/SRR17189068_2.fastq.gz.part --run 3 SRR17189069 /tmp/SRR17189069_1.fastq.gz.part /tmp/SRR17189069_2.fastq.gz.part --run 4 SRR17189070 /tmp/SRR17189070_1.fastq.gz.part /tmp/SRR17189070_2.fastq.gz.part,gse190604_guide_sequence_resolution_v1
PIK3AP1,PRIMARY_POSITIVE,PIK3AP1-2,1,312,300,300,612,227,True,REQUIRES_DESIGN_AND_VALIDATION,2c7e6c09e19305d5db43682471acc64ba146db39,"{""data/external/gse190604/guidecalls.txt.gz"": ""ffd5a3050a69d013ddc09a43fae63642a7659cdb778f78c865e0829207e17b7c"", ""outputs/generalization/near_immune_scores.csv"": ""2f9c94a22d0205ab6bcbdecffcefa9509a8478f893d487eef8b4fc743b97ba75""}",1bbcf56e4c749460f5d6e07648b341bcd28500c059c685bee1a418befeb063b7,2026-07-12T14:56:09.705381-03:00,python scripts/build_prospective_donor_panel.py,prospective_donor_panel_v1,ACCTGCACCCGCGGCCGTTG,20,0.75,NONE,368,4,0,0,IFNG|IL2,2,SOURCE_IDENTITY_CONFIRMED,BLOCKED_PENDING_ON_OFF_TARGET_AND_VECTOR_QC,25b9b3fc14a055451120e4f5eb65f5b5327176ac,b2a4df668889702f0ea64dbf27bcd8d8c3897c34a638fd3192f4e959ecaf96a9,1bbcf56e4c749460f5d6e07648b341bcd28500c059c685bee1a418befeb063b7,2026-07-12T15:26:42.636649-03:00,python scripts/build_gse190604_guide_sequence_manifest.py --screen-il2 /tmp/CRISPRa.IL2.sgrna_summary.txt --screen-ifng /tmp/CRISPRa.IFNG.sgrna_summary.txt --run 1 SRR17189067 /tmp/SRR17189067_1.fastq.gz.part /tmp/SRR17189067_2.fastq.gz.part --run 2 SRR17189068 /tmp/SRR17189068_1.fastq.gz.part /tmp/SRR17189068_2.fastq.gz.part --run 3 SRR17189069 /tmp/SRR17189069_1.fastq.gz.part /tmp/SRR17189069_2.fastq.gz.part --run 4 SRR17189070 /tmp/SRR17189070_1.fastq.gz.part /tmp/SRR17189070_2.fastq.gz.part,gse190604_guide_sequence_resolution_v1
PIK3AP1,PRIMARY_POSITIVE,PIK3AP1-1,2,227,236,227,463,227,True,REQUIRES_DESIGN_AND_VALIDATION,2c7e6c09e19305d5db43682471acc64ba146db39,"{""data/external/gse190604/guidecalls.txt.gz"": ""ffd5a3050a69d013ddc09a43fae63642a7659cdb778f78c865e0829207e17b7c"", ""outputs/generalization/near_immune_scores.csv"": ""2f9c94a22d0205ab6bcbdecffcefa9509a8478f893d487eef8b4fc743b97ba75""}",1bbcf56e4c749460f5d6e07648b341bcd28500c059c685bee1a418befeb063b7,2026-07-12T14:56:09.705381-03:00,python scripts/build_prospective_donor_panel.py,prospective_donor_panel_v1,TTCCCCTCCCCAACGGCCGC,20,0.75,NONE,179,4,0,0,IFNG|IL2,1,SOURCE_IDENTITY_CONFIRMED,BLOCKED_PENDING_ON_OFF_TARGET_AND_VECTOR_QC,25b9b3fc14a055451120e4f5eb65f5b5327176ac,b2a4df668889702f0ea64dbf27bcd8d8c3897c34a638fd3192f4e959ecaf96a9,1bbcf56e4c749460f5d6e07648b341bcd28500c059c685bee1a418befeb063b7,2026-07-12T15:26:42.636649-03:00,python scripts/build_gse190604_guide_sequence_manifest.py --screen-il2 /tmp/CRISPRa.IL2.sgrna_summary.txt --screen-ifng /tmp/CRISPRa.IFNG.sgrna_summary.txt --run 1 SRR17189067 /tmp/SRR17189067_1.fastq.gz.part /tmp/SRR17189067_2.fastq.gz.part --run 2 SRR17189068 /tmp/SRR17189068_1.fastq.gz.part /tmp/SRR17189068_2.fastq.gz.part --run 3 SRR17189069 /tmp/SRR17189069_1.fastq.gz.part /tmp/SRR17189069_2.fastq.gz.part --run 4 SRR17189070 /tmp/SRR17189070_1.fastq.gz.part /tmp/SRR17189070_2.fastq.gz.part,gse190604_guide_sequence_resolution_v1
GRAP,PRIMARY_POSITIVE,GRAP-1,1,325,375,325,700,199,True,REQUIRES_DESIGN_AND_VALIDATION,2c7e6c09e19305d5db43682471acc64ba146db39,"{""data/external/gse190604/guidecalls.txt.gz"": ""ffd5a3050a69d013ddc09a43fae63642a7659cdb778f78c865e0829207e17b7c"", ""outputs/generalization/near_immune_scores.csv"": ""2f9c94a22d0205ab6bcbdecffcefa9509a8478f893d487eef8b4fc743b97ba75""}",1bbcf56e4c749460f5d6e07648b341bcd28500c059c685bee1a418befeb063b7,2026-07-12T14:56:09.705381-03:00,python scripts/build_prospective_donor_panel.py,prospective_donor_panel_v1,GACATGTCACAGAGCAGGGA,20,0.55,NONE,220,4,0,0,IFNG|IL2,5,SOURCE_IDENTITY_CONFIRMED,BLOCKED_PENDING_ON_OFF_TARGET_AND_VECTOR_QC,25b9b3fc14a055451120e4f5eb65f5b5327176ac,b2a4df668889702f0ea64dbf27bcd8d8c3897c34a638fd3192f4e959ecaf96a9,1bbcf56e4c749460f5d6e07648b341bcd28500c059c685bee1a418befeb063b7,2026-07-12T15:26:42.636649-03:00,python scripts/build_gse190604_guide_sequence_manifest.py --screen-il2 /tmp/CRISPRa.IL2.sgrna_summary.txt --screen-ifng /tmp/CRISPRa.IFNG.sgrna_summary.txt --run 1 SRR17189067 /tmp/SRR17189067_1.fastq.gz.part /tmp/SRR17189067_2.fastq.gz.part --run 2 SRR17189068 /tmp/SRR17189068_1.fastq.gz.part /tmp/SRR17189068_2.fastq.gz.part --run 3 SRR17189069 /tmp/SRR17189069_1.fastq.gz.part /tmp/SRR17189069_2.fastq.gz.part --run 4 SRR17189070 /tmp/SRR17189070_1.fastq.gz.part /tmp/SRR17189070_2.fastq.gz.part,gse190604_guide_sequence_resolution_v1
GRAP,PRIMARY_POSITIVE,GRAP-2,2,199,206,199,405,199,True,REQUIRES_DESIGN_AND_VALIDATION,2c7e6c09e19305d5db43682471acc64ba146db39,"{""data/external/gse190604/guidecalls.txt.gz"": ""ffd5a3050a69d013ddc09a43fae63642a7659cdb778f78c865e0829207e17b7c"", ""outputs/generalization/near_immune_scores.csv"": ""2f9c94a22d0205ab6bcbdecffcefa9509a8478f893d487eef8b4fc743b97ba75""}",1bbcf56e4c749460f5d6e07648b341bcd28500c059c685bee1a418befeb063b7,2026-07-12T14:56:09.705381-03:00,python scripts/build_prospective_donor_panel.py,prospective_donor_panel_v1,GCTTCAGGGAGACTCCCCAA,20,0.6,NONE,78,4,0,0,IFNG|IL2,3,SOURCE_IDENTITY_CONFIRMED,BLOCKED_PENDING_ON_OFF_TARGET_AND_VECTOR_QC,25b9b3fc14a055451120e4f5eb65f5b5327176ac,b2a4df668889702f0ea64dbf27bcd8d8c3897c34a638fd3192f4e959ecaf96a9,1bbcf56e4c749460f5d6e07648b341bcd28500c059c685bee1a418befeb063b7,2026-07-12T15:26:42.636649-03:00,python scripts/build_gse190604_guide_sequence_manifest.py --screen-il2 /tmp/CRISPRa.IL2.sgrna_summary.txt --screen-ifng /tmp/CRISPRa.IFNG.sgrna_summary.txt --run 1 SRR17189067 /tmp/SRR17189067_1.fastq.gz.part /tmp/SRR17189067_2.fastq.gz.part --run 2 SRR17189068 /tmp/SRR17189068_1.fastq.gz.part /tmp/SRR17189068_2.fastq.gz.part --run 3 SRR17189069 /tmp/SRR17189069_1.fastq.gz.part /tmp/SRR17189069_2.fastq.gz.part --run 4 SRR17189070 /tmp/SRR17189070_1.fastq.gz.part /tmp/SRR17189070_2.fastq.gz.part,gse190604_guide_sequence_resolution_v1
TNFRSF9,PRIMARY_POSITIVE,TNFRSF9-1,1,253,209,209,462,196,True,REQUIRES_DESIGN_AND_VALIDATION,2c7e6c09e19305d5db43682471acc64ba146db39,"{""data/external/gse190604/guidecalls.txt.gz"": ""ffd5a3050a69d013ddc09a43fae63642a7659cdb778f78c865e0829207e17b7c"", ""outputs/generalization/near_immune_scores.csv"": ""2f9c94a22d0205ab6bcbdecffcefa9509a8478f893d487eef8b4fc743b97ba75""}",1bbcf56e4c749460f5d6e07648b341bcd28500c059c685bee1a418befeb063b7,2026-07-12T14:56:09.705381-03:00,python scripts/build_prospective_donor_panel.py,prospective_donor_panel_v1,GGGGGCTCTAGGGGATTTCG,20,0.65,HOMOPOLYMER_5,954,4,0,0,IFNG|IL2,2,SOURCE_IDENTITY_CONFIRMED,BLOCKED_PENDING_ON_OFF_TARGET_AND_VECTOR_QC,25b9b3fc14a055451120e4f5eb65f5b5327176ac,b2a4df668889702f0ea64dbf27bcd8d8c3897c34a638fd3192f4e959ecaf96a9,1bbcf56e4c749460f5d6e07648b341bcd28500c059c685bee1a418befeb063b7,2026-07-12T15:26:42.636649-03:00,python scripts/build_gse190604_guide_sequence_manifest.py --screen-il2 /tmp/CRISPRa.IL2.sgrna_summary.txt --screen-ifng /tmp/CRISPRa.IFNG.sgrna_summary.txt --run 1 SRR17189067 /tmp/SRR17189067_1.fastq.gz.part /tmp/SRR17189067_2.fastq.gz.part --run 2 SRR17189068 /tmp/SRR17189068_1.fastq.gz.part /tmp/SRR17189068_2.fastq.gz.part --run 3 SRR17189069 /tmp/SRR17189069_1.fastq.gz.part /tmp/SRR17189069_2.fastq.gz.part --run 4 SRR17189070 /tmp/SRR17189070_1.fastq.gz.part /tmp/SRR17189070_2.fastq.gz.part,gse190604_guide_sequence_resolution_v1
TNFRSF9,PRIMARY_POSITIVE,TNFRSF9-2,2,213,196,196,409,196,True,REQUIRES_DESIGN_AND_VALIDATION,2c7e6c09e19305d5db43682471acc64ba146db39,"{""data/external/gse190604/guidecalls.txt.gz"": ""ffd5a3050a69d013ddc09a43fae63642a7659cdb778f78c865e0829207e17b7c"", ""outputs/generalization/near_immune_scores.csv"": ""2f9c94a22d0205ab6bcbdecffcefa9509a8478f893d487eef8b4fc743b97ba75""}",1bbcf56e4c749460f5d6e07648b341bcd28500c059c685bee1a418befeb063b7,2026-07-12T14:56:09.705381-03:00,python scripts/build_prospective_donor_panel.py,prospective_donor_panel_v1,ATGAAATGAATGATTTCATA,20,0.2,GC_LT_25_PERCENT,295,4,0,0,IFNG|IL2,1,SOURCE_IDENTITY_CONFIRMED,BLOCKED_PENDING_ON_OFF_TARGET_AND_VECTOR_QC,25b9b3fc14a055451120e4f5eb65f5b5327176ac,b2a4df668889702f0ea64dbf27bcd8d8c3897c34a638fd3192f4e959ecaf96a9,1bbcf56e4c749460f5d6e07648b341bcd28500c059c685bee1a418befeb063b7,2026-07-12T15:26:42.636649-03:00,python scripts/build_gse190604_guide_sequence_manifest.py --screen-il2 /tmp/CRISPRa.IL2.sgrna_summary.txt --screen-ifng /tmp/CRISPRa.IFNG.sgrna_summary.txt --run 1 SRR17189067 /tmp/SRR17189067_1.fastq.gz.part /tmp/SRR17189067_2.fastq.gz.part --run 2 SRR17189068 /tmp/SRR17189068_1.fastq.gz.part /tmp/SRR17189068_2.fastq.gz.part --run 3 SRR17189069 /tmp/SRR17189069_1.fastq.gz.part /tmp/SRR17189069_2.fastq.gz.part --run 4 SRR17189070 /tmp/SRR17189070_1.fastq.gz.part /tmp/SRR17189070_2.fastq.gz.part,gse190604_guide_sequence_resolution_v1
IL2RB,PRIMARY_POSITIVE,IL2RB-1,1,228,208,208,436,181,True,REQUIRES_DESIGN_AND_VALIDATION,2c7e6c09e19305d5db43682471acc64ba146db39,"{""data/external/gse190604/guidecalls.txt.gz"": ""ffd5a3050a69d013ddc09a43fae63642a7659cdb778f78c865e0829207e17b7c"", ""outputs/generalization/near_immune_scores.csv"": ""2f9c94a22d0205ab6bcbdecffcefa9509a8478f893d487eef8b4fc743b97ba75""}",1bbcf56e4c749460f5d6e07648b341bcd28500c059c685bee1a418befeb063b7,2026-07-12T14:56:09.705381-03:00,python scripts/build_prospective_donor_panel.py,prospective_donor_panel_v1,TATCTGGCCCTGGGTGCTTG,20,0.6,NONE,586,4,1,0,IFNG|IL2,1,SOURCE_IDENTITY_CONFIRMED,BLOCKED_PENDING_ON_OFF_TARGET_AND_VECTOR_QC,25b9b3fc14a055451120e4f5eb65f5b5327176ac,b2a4df668889702f0ea64dbf27bcd8d8c3897c34a638fd3192f4e959ecaf96a9,1bbcf56e4c749460f5d6e07648b341bcd28500c059c685bee1a418befeb063b7,2026-07-12T15:26:42.636649-03:00,python scripts/build_gse190604_guide_sequence_manifest.py --screen-il2 /tmp/CRISPRa.IL2.sgrna_summary.txt --screen-ifng /tmp/CRISPRa.IFNG.sgrna_summary.txt --run 1 SRR17189067 /tmp/SRR17189067_1.fastq.gz.part /tmp/SRR17189067_2.fastq.gz.part --run 2 SRR17189068 /tmp/SRR17189068_1.fastq.gz.part /tmp/SRR17189068_2.fastq.gz.part --run 3 SRR17189069 /tmp/SRR17189069_1.fastq.gz.part /tmp/SRR17189069_2.fastq.gz.part --run 4 SRR17189070 /tmp/SRR17189070_1.fastq.gz.part /tmp/SRR17189070_2.fastq.gz.part,gse190604_guide_sequence_resolution_v1
IL2RB,PRIMARY_POSITIVE,IL2RB-2,2,181,217,181,398,181,True,REQUIRES_DESIGN_AND_VALIDATION,2c7e6c09e19305d5db43682471acc64ba146db39,"{""data/external/gse190604/guidecalls.txt.gz"": ""ffd5a3050a69d013ddc09a43fae63642a7659cdb778f78c865e0829207e17b7c"", ""outputs/generalization/near_immune_scores.csv"": ""2f9c94a22d0205ab6bcbdecffcefa9509a8478f893d487eef8b4fc743b97ba75""}",1bbcf56e4c749460f5d6e07648b341bcd28500c059c685bee1a418befeb063b7,2026-07-12T14:56:09.705381-03:00,python scripts/build_prospective_donor_panel.py,prospective_donor_panel_v1,GTAGGAGGCAGATCTTTATC,20,0.45,NONE,623,4,0,0,IFNG|IL2,3,SOURCE_IDENTITY_CONFIRMED,BLOCKED_PENDING_ON_OFF_TARGET_AND_VECTOR_QC,25b9b3fc14a055451120e4f5eb65f5b5327176ac,b2a4df668889702f0ea64dbf27bcd8d8c3897c34a638fd3192f4e959ecaf96a9,1bbcf56e4c749460f5d6e07648b341bcd28500c059c685bee1a418befeb063b7,2026-07-12T15:26:42.636649-03:00,python scripts/build_gse190604_guide_sequence_manifest.py --screen-il2 /tmp/CRISPRa.IL2.sgrna_summary.txt --screen-ifng /tmp/CRISPRa.IFNG.sgrna_summary.txt --run 1 SRR17189067 /tmp/SRR17189067_1.fastq.gz.part /tmp/SRR17189067_2.fastq.gz.part --run 2 SRR17189068 /tmp/SRR17189068_1.fastq.gz.part /tmp/SRR17189068_2.fastq.gz.part --run 3 SRR17189069 /tmp/SRR17189069_1.fastq.gz.part /tmp/SRR17189069_2.fastq.gz.part --run 4 SRR17189070 /tmp/SRR17189070_1.fastq.gz.part /tmp/SRR17189070_2.fastq.gz.part,gse190604_guide_sequence_resolution_v1
IL2RG,PRIMARY_POSITIVE,IL2RG-2,1,273,311,273,584,177,True,REQUIRES_DESIGN_AND_VALIDATION,2c7e6c09e19305d5db43682471acc64ba146db39,"{""data/external/gse190604/guidecalls.txt.gz"": ""ffd5a3050a69d013ddc09a43fae63642a7659cdb778f78c865e0829207e17b7c"", ""outputs/generalization/near_immune_scores.csv"": ""2f9c94a22d0205ab6bcbdecffcefa9509a8478f893d487eef8b4fc743b97ba75""}",1bbcf56e4c749460f5d6e07648b341bcd28500c059c685bee1a418befeb063b7,2026-07-12T14:56:09.705381-03:00,python scripts/build_prospective_donor_panel.py,prospective_donor_panel_v1,ATAAACCAGGGCTTTACAGA,20,0.4,NONE,528,4,2,0,IFNG|IL2,4,SOURCE_IDENTITY_CONFIRMED,BLOCKED_PENDING_ON_OFF_TARGET_AND_VECTOR_QC,25b9b3fc14a055451120e4f5eb65f5b5327176ac,b2a4df668889702f0ea64dbf27bcd8d8c3897c34a638fd3192f4e959ecaf96a9,1bbcf56e4c749460f5d6e07648b341bcd28500c059c685bee1a418befeb063b7,2026-07-12T15:26:42.636649-03:00,python scripts/build_gse190604_guide_sequence_manifest.py --screen-il2 /tmp/CRISPRa.IL2.sgrna_summary.txt --screen-ifng /tmp/CRISPRa.IFNG.sgrna_summary.txt --run 1 SRR17189067 /tmp/SRR17189067_1.fastq.gz.part /tmp/SRR17189067_2.fastq.gz.part --run 2 SRR17189068 /tmp/SRR17189068_1.fastq.gz.part /tmp/SRR17189068_2.fastq.gz.part --run 3 SRR17189069 /tmp/SRR17189069_1.fastq.gz.part /tmp/SRR17189069_2.fastq.gz.part --run 4 SRR17189070 /tmp/SRR17189070_1.fastq.gz.part /tmp/SRR17189070_2.fastq.gz.part,gse190604_guide_sequence_resolution_v1
IL2RG,PRIMARY_POSITIVE,IL2RG-1,2,207,177,177,384,177,True,REQUIRES_DESIGN_AND_VALIDATION,2c7e6c09e19305d5db43682471acc64ba146db39,"{""data/external/gse190604/guidecalls.txt.gz"": ""ffd5a3050a69d013ddc09a43fae63642a7659cdb778f78c865e0829207e17b7c"", ""outputs/generalization/near_immune_scores.csv"": ""2f9c94a22d0205ab6bcbdecffcefa9509a8478f893d487eef8b4fc743b97ba75""}",1bbcf56e4c749460f5d6e07648b341bcd28500c059c685bee1a418befeb063b7,2026-07-12T14:56:09.705381-03:00,python scripts/build_prospective_donor_panel.py,prospective_donor_panel_v1,TGACACGGGCTAAGTCCTCT,20,0.55,NONE,169,4,0,0,IFNG|IL2,1,SOURCE_IDENTITY_CONFIRMED,BLOCKED_PENDING_ON_OFF_TARGET_AND_VECTOR_QC,25b9b3fc14a055451120e4f5eb65f5b5327176ac,b2a4df668889702f0ea64dbf27bcd8d8c3897c34a638fd3192f4e959ecaf96a9,1bbcf56e4c749460f5d6e07648b341bcd28500c059c685bee1a418befeb063b7,2026-07-12T15:26:42.636649-03:00,python scripts/build_gse190604_guide_sequence_manifest.py --screen-il2 /tmp/CRISPRa.IL2.sgrna_summary.txt --screen-ifng /tmp/CRISPRa.IFNG.sgrna_summary.txt --run 1 SRR17189067 /tmp/SRR17189067_1.fastq.gz.part /tmp/SRR17189067_2.fastq.gz.part --run 2 SRR17189068 /tmp/SRR17189068_1.fastq.gz.part /tmp/SRR17189068_2.fastq.gz.part --run 3 SRR17189069 /tmp/SRR17189069_1.fastq.gz.part /tmp/SRR17189069_2.fastq.gz.part --run 4 SRR17189070 /tmp/SRR17189070_1.fastq.gz.part /tmp/SRR17189070_2.fastq.gz.part,gse190604_guide_sequence_resolution_v1
ABCB10,MATCHED_NEGATIVE,ABCB10-1,1,96,93,93,189,85,True,REQUIRES_DESIGN_AND_VALIDATION,2c7e6c09e19305d5db43682471acc64ba146db39,"{""data/external/gse190604/guidecalls.txt.gz"": ""ffd5a3050a69d013ddc09a43fae63642a7659cdb778f78c865e0829207e17b7c"", ""outputs/generalization/near_immune_scores.csv"": ""2f9c94a22d0205ab6bcbdecffcefa9509a8478f893d487eef8b4fc743b97ba75""}",1bbcf56e4c749460f5d6e07648b341bcd28500c059c685bee1a418befeb063b7,2026-07-12T14:56:09.705381-03:00,python scripts/build_prospective_donor_panel.py,prospective_donor_panel_v1,GTCCCCGGAGTGGGGCGGAG,20,0.8,NONE,271,4,0,0,IFNG|IL2,1,SOURCE_IDENTITY_CONFIRMED,BLOCKED_PENDING_ON_OFF_TARGET_AND_VECTOR_QC,25b9b3fc14a055451120e4f5eb65f5b5327176ac,b2a4df668889702f0ea64dbf27bcd8d8c3897c34a638fd3192f4e959ecaf96a9,1bbcf56e4c749460f5d6e07648b341bcd28500c059c685bee1a418befeb063b7,2026-07-12T15:26:42.636649-03:00,python scripts/build_gse190604_guide_sequence_manifest.py --screen-il2 /tmp/CRISPRa.IL2.sgrna_summary.txt --screen-ifng /tmp/CRISPRa.IFNG.sgrna_summary.txt --run 1 SRR17189067 /tmp/SRR17189067_1.fastq.gz.part /tmp/SRR17189067_2.fastq.gz.part --run 2 SRR17189068 /tmp/SRR17189068_1.fastq.gz.part /tmp/SRR17189068_2.fastq.gz.part --run 3 SRR17189069 /tmp/SRR17189069_1.fastq.gz.part /tmp/SRR17189069_2.fastq.gz.part --run 4 SRR17189070 /tmp/SRR17189070_1.fastq.gz.part /tmp/SRR17189070_2.fastq.gz.part,gse190604_guide_sequence_resolution_v1
ABCB10,MATCHED_NEGATIVE,ABCB10-2,2,85,131,85,216,85,True,REQUIRES_DESIGN_AND_VALIDATION,2c7e6c09e19305d5db43682471acc64ba146db39,"{""data/external/gse190604/guidecalls.txt.gz"": ""ffd5a3050a69d013ddc09a43fae63642a7659cdb778f78c865e0829207e17b7c"", ""outputs/generalization/near_immune_scores.csv"": ""2f9c94a22d0205ab6bcbdecffcefa9509a8478f893d487eef8b4fc743b97ba75""}",1bbcf56e4c749460f5d6e07648b341bcd28500c059c685bee1a418befeb063b7,2026-07-12T14:56:09.705381-03:00,python scripts/build_prospective_donor_panel.py,prospective_donor_panel_v1,CGGAGTGGGGCGGAGAGGCG,20,0.8,NONE,25,3,0,0,IFNG|IL2,2,SOURCE_IDENTITY_CONFIRMED,BLOCKED_PENDING_ON_OFF_TARGET_AND_VECTOR_QC,25b9b3fc14a055451120e4f5eb65f5b5327176ac,b2a4df668889702f0ea64dbf27bcd8d8c3897c34a638fd3192f4e959ecaf96a9,1bbcf56e4c749460f5d6e07648b341bcd28500c059c685bee1a418befeb063b7,2026-07-12T15:26:42.636649-03:00,python scripts/build_gse190604_guide_sequence_manifest.py --screen-il2 /tmp/CRISPRa.IL2.sgrna_summary.txt --screen-ifng /tmp/CRISPRa.IFNG.sgrna_summary.txt --run 1 SRR17189067 /tmp/SRR17189067_1.fastq.gz.part /tmp/SRR17189067_2.fastq.gz.part --run 2 SRR17189068 /tmp/SRR17189068_1.fastq.gz.part /tmp/SRR17189068_2.fastq.gz.part --run 3 SRR17189069 /tmp/SRR17189069_1.fastq.gz.part /tmp/SRR17189069_2.fastq.gz.part --run 4 SRR17189070 /tmp/SRR17189070_1.fastq.gz.part /tmp/SRR17189070_2.fastq.gz.part,gse190604_guide_sequence_resolution_v1
APOBEC3C,MATCHED_NEGATIVE,APOBEC3C-1,1,254,232,232,486,83,True,REQUIRES_DESIGN_AND_VALIDATION,2c7e6c09e19305d5db43682471acc64ba146db39,"{""data/external/gse190604/guidecalls.txt.gz"": ""ffd5a3050a69d013ddc09a43fae63642a7659cdb778f78c865e0829207e17b7c"", ""outputs/generalization/near_immune_scores.csv"": ""2f9c94a22d0205ab6bcbdecffcefa9509a8478f893d487eef8b4fc743b97ba75""}",1bbcf56e4c749460f5d6e07648b341bcd28500c059c685bee1a418befeb063b7,2026-07-12T14:56:09.705381-03:00,python scripts/build_prospective_donor_panel.py,prospective_donor_panel_v1,GAGCAGCCTGTCTTTATCGG,20,0.55,NONE,2583,4,0,0,IFNG|IL2,1,SOURCE_IDENTITY_CONFIRMED,BLOCKED_PENDING_ON_OFF_TARGET_AND_VECTOR_QC,25b9b3fc14a055451120e4f5eb65f5b5327176ac,b2a4df668889702f0ea64dbf27bcd8d8c3897c34a638fd3192f4e959ecaf96a9,1bbcf56e4c749460f5d6e07648b341bcd28500c059c685bee1a418befeb063b7,2026-07-12T15:26:42.636649-03:00,python scripts/build_gse190604_guide_sequence_manifest.py --screen-il2 /tmp/CRISPRa.IL2.sgrna_summary.txt --screen-ifng /tmp/CRISPRa.IFNG.sgrna_summary.txt --run 1 SRR17189067 /tmp/SRR17189067_1.fastq.gz.part /tmp/SRR17189067_2.fastq.gz.part --run 2 SRR17189068 /tmp/SRR17189068_1.fastq.gz.part /tmp/SRR17189068_2.fastq.gz.part --run 3 SRR17189069 /tmp/SRR17189069_1.fastq.gz.part /tmp/SRR17189069_2.fastq.gz.part --run 4 SRR17189070 /tmp/SRR17189070_1.fastq.gz.part /tmp/SRR17189070_2.fastq.gz.part,gse190604_guide_sequence_resolution_v1
APOBEC3C,MATCHED_NEGATIVE,APOBEC3C-2,2,83,85,83,168,83,True,REQUIRES_DESIGN_AND_VALIDATION,2c7e6c09e19305d5db43682471acc64ba146db39,"{""data/external/gse190604/guidecalls.txt.gz"": ""ffd5a3050a69d013ddc09a43fae63642a7659cdb778f78c865e0829207e17b7c"", ""outputs/generalization/near_immune_scores.csv"": ""2f9c94a22d0205ab6bcbdecffcefa9509a8478f893d487eef8b4fc743b97ba75""}",1bbcf56e4c749460f5d6e07648b341bcd28500c059c685bee1a418befeb063b7,2026-07-12T14:56:09.705381-03:00,python scripts/build_prospective_donor_panel.py,prospective_donor_panel_v1,GAGGAACCTCCGATAAAGAC,20,0.5,NONE,1523,4,0,0,IFNG|IL2,2,SOURCE_IDENTITY_CONFIRMED,BLOCKED_PENDING_ON_OFF_TARGET_AND_VECTOR_QC,25b9b3fc14a055451120e4f5eb65f5b5327176ac,b2a4df668889702f0ea64dbf27bcd8d8c3897c34a638fd3192f4e959ecaf96a9,1bbcf56e4c749460f5d6e07648b341bcd28500c059c685bee1a418befeb063b7,2026-07-12T15:26:42.636649-03:00,python scripts/build_gse190604_guide_sequence_manifest.py --screen-il2 /tmp/CRISPRa.IL2.sgrna_summary.txt --screen-ifng /tmp/CRISPRa.IFNG.sgrna_summary.txt --run 1 SRR17189067 /tmp/SRR17189067_1.fastq.gz.part /tmp/SRR17189067_2.fastq.gz.part --run 2 SRR17189068 /tmp/SRR17189068_1.fastq.gz.part /tmp/SRR17189068_2.fastq.gz.part --run 3 SRR17189069 /tmp/SRR17189069_1.fastq.gz.part /tmp/SRR17189069_2.fastq.gz.part --run 4 SRR17189070 /tmp/SRR17189070_1.fastq.gz.part /tmp/SRR17189070_2.fastq.gz.part,gse190604_guide_sequence_resolution_v1
APOBEC3D,MATCHED_NEGATIVE,APOBEC3D-2,1,187,172,172,359,124,True,REQUIRES_DESIGN_AND_VALIDATION,2c7e6c09e19305d5db43682471acc64ba146db39,"{""data/external/gse190604/guidecalls.txt.gz"": ""ffd5a3050a69d013ddc09a43fae63642a7659cdb778f78c865e0829207e17b7c"", ""outputs/generalization/near_immune_scores.csv"": ""2f9c94a22d0205ab6bcbdecffcefa9509a8478f893d487eef8b4fc743b97ba75""}",1bbcf56e4c749460f5d6e07648b341bcd28500c059c685bee1a418befeb063b7,2026-07-12T14:56:09.705381-03:00,python scripts/build_prospective_donor_panel.py,prospective_donor_panel_v1,TCAGAGGTCCCTCTGCCAGG,20,0.65,NONE,784,4,0,0,IFNG|IL2,3,SOURCE_IDENTITY_CONFIRMED,BLOCKED_PENDING_ON_OFF_TARGET_AND_VECTOR_QC,25b9b3fc14a055451120e4f5eb65f5b5327176ac,b2a4df668889702f0ea64dbf27bcd8d8c3897c34a638fd3192f4e959ecaf96a9,1bbcf56e4c749460f5d6e07648b341bcd28500c059c685bee1a418befeb063b7,2026-07-12T15:26:42.636649-03:00,python scripts/build_gse190604_guide_sequence_manifest.py --screen-il2 /tmp/CRISPRa.IL2.sgrna_summary.txt --screen-ifng /tmp/CRISPRa.IFNG.sgrna_summary.txt --run 1 SRR17189067 /tmp/SRR17189067_1.fastq.gz.part /tmp/SRR17189067_2.fastq.gz.part --run 2 SRR17189068 /tmp/SRR17189068_1.fastq.gz.part /tmp/SRR17189068_2.fastq.gz.part --run 3 SRR17189069 /tmp/SRR17189069_1.fastq.gz.part /tmp/SRR17189069_2.fastq.gz.part --run 4 SRR17189070 /tmp/SRR17189070_1.fastq.gz.part /tmp/SRR17189070_2.fastq.gz.part,gse190604_guide_sequence_resolution_v1
APOBEC3D,MATCHED_NEGATIVE,APOBEC3D-1,2,124,131,124,255,124,True,REQUIRES_DESIGN_AND_VALIDATION,2c7e6c09e19305d5db43682471acc64ba146db39,"{""data/external/gse190604/guidecalls.txt.gz"": ""ffd5a3050a69d013ddc09a43fae63642a7659cdb778f78c865e0829207e17b7c"", ""outputs/generalization/near_immune_scores.csv"": ""2f9c94a22d0205ab6bcbdecffcefa9509a8478f893d487eef8b4fc743b97ba75""}",1bbcf56e4c749460f5d6e07648b341bcd28500c059c685bee1a418befeb063b7,2026-07-12T14:56:09.705381-03:00,python scripts/build_prospective_donor_panel.py,prospective_donor_panel_v1,GCGCTGGTGTAGGAGGCCCT,20,0.7,NONE,56,3,0,0,IFNG|IL2,2,SOURCE_IDENTITY_CONFIRMED,BLOCKED_PENDING_ON_OFF_TARGET_AND_VECTOR_QC,25b9b3fc14a055451120e4f5eb65f5b5327176ac,b2a4df668889702f0ea64dbf27bcd8d8c3897c34a638fd3192f4e959ecaf96a9,1bbcf56e4c749460f5d6e07648b341bcd28500c059c685bee1a418befeb063b7,2026-07-12T15:26:42.636649-03:00,python scripts/build_gse190604_guide_sequence_manifest.py --screen-il2 /tmp/CRISPRa.IL2.sgrna_summary.txt --screen-ifng /tmp/CRISPRa.IFNG.sgrna_summary.txt --run 1 SRR17189067 /tmp/SRR17189067_1.fastq.gz.part /tmp/SRR17189067_2.fastq.gz.part --run 2 SRR17189068 /tmp/SRR17189068_1.fastq.gz.part /tmp/SRR17189068_2.fastq.gz.part --run 3 SRR17189069 /tmp/SRR17189069_1.fastq.gz.part /tmp/SRR17189069_2.fastq.gz.part --run 4 SRR17189070 /tmp/SRR17189070_1.fastq.gz.part /tmp/SRR17189070_2.fastq.gz.part,gse190604_guide_sequence_resolution_v1
APOL2,MATCHED_NEGATIVE,APOL2-2,1,183,186,183,369,120,True,REQUIRES_DESIGN_AND_VALIDATION,2c7e6c09e19305d5db43682471acc64ba146db39,"{""data/external/gse190604/guidecalls.txt.gz"": ""ffd5a3050a69d013ddc09a43fae63642a7659cdb778f78c865e0829207e17b7c"", ""outputs/generalization/near_immune_scores.csv"": ""2f9c94a22d0205ab6bcbdecffcefa9509a8478f893d487eef8b4fc743b97ba75""}",1bbcf56e4c749460f5d6e07648b341bcd28500c059c685bee1a418befeb063b7,2026-07-12T14:56:09.705381-03:00,python scripts/build_prospective_donor_panel.py,prospective_donor_panel_v1,GGCTGGGCCTGGACTGCAGG,20,0.75,NONE,1154,4,0,0,IFNG|IL2,1,SOURCE_IDENTITY_CONFIRMED,BLOCKED_PENDING_ON_OFF_TARGET_AND_VECTOR_QC,25b9b3fc14a055451120e4f5eb65f5b5327176ac,b2a4df668889702f0ea64dbf27bcd8d8c3897c34a638fd3192f4e959ecaf96a9,1bbcf56e4c749460f5d6e07648b341bcd28500c059c685bee1a418befeb063b7,2026-07-12T15:26:42.636649-03:00,python scripts/build_gse190604_guide_sequence_manifest.py --screen-il2 /tmp/CRISPRa.IL2.sgrna_summary.txt --screen-ifng /tmp/CRISPRa.IFNG.sgrna_summary.txt --run 1 SRR17189067 /tmp/SRR17189067_1.fastq.gz.part /tmp/SRR17189067_2.fastq.gz.part --run 2 SRR17189068 /tmp/SRR17189068_1.fastq.gz.part /tmp/SRR17189068_2.fastq.gz.part --run 3 SRR17189069 /tmp/SRR17189069_1.fastq.gz.part /tmp/SRR17189069_2.fastq.gz.part --run 4 SRR17189070 /tmp/SRR17189070_1.fastq.gz.part /tmp/SRR17189070_2.fastq.gz.part,gse190604_guide_sequence_resolution_v1
APOL2,MATCHED_NEGATIVE,APOL2-1,2,135,120,120,255,120,True,REQUIRES_DESIGN_AND_VALIDATION,2c7e6c09e19305d5db43682471acc64ba146db39,"{""data/external/gse190604/guidecalls.txt.gz"": ""ffd5a3050a69d013ddc09a43fae63642a7659cdb778f78c865e0829207e17b7c"", ""outputs/generalization/near_immune_scores.csv"": ""2f9c94a22d0205ab6bcbdecffcefa9509a8478f893d487eef8b4fc743b97ba75""}",1bbcf56e4c749460f5d6e07648b341bcd28500c059c685bee1a418befeb063b7,2026-07-12T14:56:09.705381-03:00,python scripts/build_prospective_donor_panel.py,prospective_donor_panel_v1,AGTGCAGCAGCAAGGAGGCT,20,0.6,NONE,134,4,0,0,IFNG|IL2,1,SOURCE_IDENTITY_CONFIRMED,BLOCKED_PENDING_ON_OFF_TARGET_AND_VECTOR_QC,25b9b3fc14a055451120e4f5eb65f5b5327176ac,b2a4df668889702f0ea64dbf27bcd8d8c3897c34a638fd3192f4e959ecaf96a9,1bbcf56e4c749460f5d6e07648b341bcd28500c059c685bee1a418befeb063b7,2026-07-12T15:26:42.636649-03:00,python scripts/build_gse190604_guide_sequence_manifest.py --screen-il2 /tmp/CRISPRa.IL2.sgrna_summary.txt --screen-ifng /tmp/CRISPRa.IFNG.sgrna_summary.txt --run 1 SRR17189067 /tmp/SRR17189067_1.fastq.gz.part /tmp/SRR17189067_2.fastq.gz.part --run 2 SRR17189068 /tmp/SRR17189068_1.fastq.gz.part /tmp/SRR17189068_2.fastq.gz.part --run 3 SRR17189069 /tmp/SRR17189069_1.fastq.gz.part /tmp/SRR17189069_2.fastq.gz.part --run 4 SRR17189070 /tmp/SRR17189070_1.fastq.gz.part /tmp/SRR17189070_2.fastq.gz.part,gse190604_guide_sequence_resolution_v1
BICDL2,MATCHED_NEGATIVE,BICDL2-1,1,298,271,271,569,154,True,REQUIRES_DESIGN_AND_VALIDATION,2c7e6c09e19305d5db43682471acc64ba146db39,"{""data/external/gse190604/guidecalls.txt.gz"": ""ffd5a3050a69d013ddc09a43fae63642a7659cdb778f78c865e0829207e17b7c"", ""outputs/generalization/near_immune_scores.csv"": ""2f9c94a22d0205ab6bcbdecffcefa9509a8478f893d487eef8b4fc743b97ba75""}",1bbcf56e4c749460f5d6e07648b341bcd28500c059c685bee1a418befeb063b7,2026-07-12T14:56:09.705381-03:00,python scripts/build_prospective_donor_panel.py,prospective_donor_panel_v1,CGGGGCTGCTGGGAGAAGCA,20,0.7,NONE,834,4,1,0,IFNG|IL2,1,SOURCE_IDENTITY_CONFIRMED,BLOCKED_PENDING_ON_OFF_TARGET_AND_VECTOR_QC,25b9b3fc14a055451120e4f5eb65f5b5327176ac,b2a4df668889702f0ea64dbf27bcd8d8c3897c34a638fd3192f4e959ecaf96a9,1bbcf56e4c749460f5d6e07648b341bcd28500c059c685bee1a418befeb063b7,2026-07-12T15:26:42.636649-03:00,python scripts/build_gse190604_guide_sequence_manifest.py --screen-il2 /tmp/CRISPRa.IL2.sgrna_summary.txt --screen-ifng /tmp/CRISPRa.IFNG.sgrna_summary.txt --run 1 SRR17189067 /tmp/SRR17189067_1.fastq.gz.part /tmp/SRR17189067_2.fastq.gz.part --run 2 SRR17189068 /tmp/SRR17189068_1.fastq.gz.part /tmp/SRR17189068_2.fastq.gz.part --run 3 SRR17189069 /tmp/SRR17189069_1.fastq.gz.part /tmp/SRR17189069_2.fastq.gz.part --run 4 SRR17189070 /tmp/SRR17189070_1.fastq.gz.part /tmp/SRR17189070_2.fastq.gz.part,gse190604_guide_sequence_resolution_v1
BICDL2,MATCHED_NEGATIVE,BICDL2-2,2,154,157,154,311,154,True,REQUIRES_DESIGN_AND_VALIDATION,2c7e6c09e19305d5db43682471acc64ba146db39,"{""data/external/gse190604/guidecalls.txt.gz"": ""ffd5a3050a69d013ddc09a43fae63642a7659cdb778f78c865e0829207e17b7c"", ""outputs/generalization/near_immune_scores.csv"": ""2f9c94a22d0205ab6bcbdecffcefa9509a8478f893d487eef8b4fc743b97ba75""}",1bbcf56e4c749460f5d6e07648b341bcd28500c059c685bee1a418befeb063b7,2026-07-12T14:56:09.705381-03:00,python scripts/build_prospective_donor_panel.py,prospective_donor_panel_v1,GTCTGTCGCAGGCAGAGGAG,20,0.65,NONE,639,4,0,0,IFNG|IL2,1,SOURCE_IDENTITY_CONFIRMED,BLOCKED_PENDING_ON_OFF_TARGET_AND_VECTOR_QC,25b9b3fc14a055451120e4f5eb65f5b5327176ac,b2a4df668889702f0ea64dbf27bcd8d8c3897c34a638fd3192f4e959ecaf96a9,1bbcf56e4c749460f5d6e07648b341bcd28500c059c685bee1a418befeb063b7,2026-07-12T15:26:42.636649-03:00,python scripts/build_gse190604_guide_sequence_manifest.py --screen-il2 /tmp/CRISPRa.IL2.sgrna_summary.txt --screen-ifng /tmp/CRISPRa.IFNG.sgrna_summary.txt --run 1 SRR17189067 /tmp/SRR17189067_1.fastq.gz.part /tmp/SRR17189067_2.fastq.gz.part --run 2 SRR17189068 /tmp/SRR17189068_1.fastq.gz.part /tmp/SRR17189068_2.fastq.gz.part --run 3 SRR17189069 /tmp/SRR17189069_1.fastq.gz.part /tmp/SRR17189069_2.fastq.gz.part --run 4 SRR17189070 /tmp/SRR17189070_1.fastq.gz.part /tmp/SRR17189070_2.fastq.gz.part,gse190604_guide_sequence_resolution_v1
FOSL1,MATCHED_NEGATIVE,FOSL1-1,1,108,89,89,197,70,True,REQUIRES_DESIGN_AND_VALIDATION,2c7e6c09e19305d5db43682471acc64ba146db39,"{""data/external/gse190604/guidecalls.txt.gz"": ""ffd5a3050a69d013ddc09a43fae63642a7659cdb778f78c865e0829207e17b7c"", ""outputs/generalization/near_immune_scores.csv"": ""2f9c94a22d0205ab6bcbdecffcefa9509a8478f893d487eef8b4fc743b97ba75""}",1bbcf56e4c749460f5d6e07648b341bcd28500c059c685bee1a418befeb063b7,2026-07-12T14:56:09.705381-03:00,python scripts/build_prospective_donor_panel.py,prospective_donor_panel_v1,TCGGGACCGACGGGCCAAGG,20,0.75,NONE,97,4,0,0,IFNG|IL2,1,SOURCE_IDENTITY_CONFIRMED,BLOCKED_PENDING_ON_OFF_TARGET_AND_VECTOR_QC,25b9b3fc14a055451120e4f5eb65f5b5327176ac,b2a4df668889702f0ea64dbf27bcd8d8c3897c34a638fd3192f4e959ecaf96a9,1bbcf56e4c749460f5d6e07648b341bcd28500c059c685bee1a418befeb063b7,2026-07-12T15:26:42.636649-03:00,python scripts/build_gse190604_guide_sequence_manifest.py --screen-il2 /tmp/CRISPRa.IL2.sgrna_summary.txt --screen-ifng /tmp/CRISPRa.IFNG.sgrna_summary.txt --run 1 SRR17189067 /tmp/SRR17189067_1.fastq.gz.part /tmp/SRR17189067_2.fastq.gz.part --run 2 SRR17189068 /tmp/SRR17189068_1.fastq.gz.part /tmp/SRR17189068_2.fastq.gz.part --run 3 SRR17189069 /tmp/SRR17189069_1.fastq.gz.part /tmp/SRR17189069_2.fastq.gz.part --run 4 SRR17189070 /tmp/SRR17189070_1.fastq.gz.part /tmp/SRR17189070_2.fastq.gz.part,gse190604_guide_sequence_resolution_v1
FOSL1,MATCHED_NEGATIVE,FOSL1-2,2,75,70,70,145,70,True,REQUIRES_DESIGN_AND_VALIDATION,2c7e6c09e19305d5db43682471acc64ba146db39,"{""data/external/gse190604/guidecalls.txt.gz"": ""ffd5a3050a69d013ddc09a43fae63642a7659cdb778f78c865e0829207e17b7c"", ""outputs/generalization/near_immune_scores.csv"": ""2f9c94a22d0205ab6bcbdecffcefa9509a8478f893d487eef8b4fc743b97ba75""}",1bbcf56e4c749460f5d6e07648b341bcd28500c059c685bee1a418befeb063b7,2026-07-12T14:56:09.705381-03:00,python scripts/build_prospective_donor_panel.py,prospective_donor_panel_v1,TCGCCAAGTTCGGGACCGAC,20,0.65,NONE,409,4,0,1,IFNG|IL2,1,SOURCE_IDENTITY_CONFIRMED,BLOCKED_PENDING_ON_OFF_TARGET_AND_VECTOR_QC,25b9b3fc14a055451120e4f5eb65f5b5327176ac,b2a4df668889702f0ea64dbf27bcd8d8c3897c34a638fd3192f4e959ecaf96a9,1bbcf56e4c749460f5d6e07648b341bcd28500c059c685bee1a418befeb063b7,2026-07-12T15:26:42.636649-03:00,python scripts/build_gse190604_guide_sequence_manifest.py --screen-il2 /tmp/CRISPRa.IL2.sgrna_summary.txt --screen-ifng /tmp/CRISPRa.IFNG.sgrna_summary.txt --run 1 SRR17189067 /tmp/SRR17189067_1.fastq.gz.part /tmp/SRR17189067_2.fastq.gz.part --run 2 SRR17189068 /tmp/SRR17189068_1.fastq.gz.part /tmp/SRR17189068_2.fastq.gz.part --run 3 SRR17189069 /tmp/SRR17189069_1.fastq.gz.part /tmp/SRR17189069_2.fastq.gz.part --run 4 SRR17189070 /tmp/SRR17189070_1.fastq.gz.part /tmp/SRR17189070_2.fastq.gz.part,gse190604_guide_sequence_resolution_v1
FOXL2NB,MATCHED_NEGATIVE,FOXL2NB-2,1,167,162,162,329,89,True,REQUIRES_DESIGN_AND_VALIDATION,2c7e6c09e19305d5db43682471acc64ba146db39,"{""data/external/gse190604/guidecalls.txt.gz"": ""ffd5a3050a69d013ddc09a43fae63642a7659cdb778f78c865e0829207e17b7c"", ""outputs/generalization/near_immune_scores.csv"": ""2f9c94a22d0205ab6bcbdecffcefa9509a8478f893d487eef8b4fc743b97ba75""}",1bbcf56e4c749460f5d6e07648b341bcd28500c059c685bee1a418befeb063b7,2026-07-12T14:56:09.705381-03:00,python scripts/build_prospective_donor_panel.py,prospective_donor_panel_v1,GGCGCACTAGGGACTCCAGG,20,0.7,NONE,698,4,0,0,IFNG|IL2,5,SOURCE_IDENTITY_CONFIRMED,BLOCKED_PENDING_ON_OFF_TARGET_AND_VECTOR_QC,25b9b3fc14a055451120e4f5eb65f5b5327176ac,b2a4df668889702f0ea64dbf27bcd8d8c3897c34a638fd3192f4e959ecaf96a9,1bbcf56e4c749460f5d6e07648b341bcd28500c059c685bee1a418befeb063b7,2026-07-12T15:26:42.636649-03:00,python scripts/build_gse190604_guide_sequence_manifest.py --screen-il2 /tmp/CRISPRa.IL2.sgrna_summary.txt --screen-ifng /tmp/CRISPRa.IFNG.sgrna_summary.txt --run 1 SRR17189067 /tmp/SRR17189067_1.fastq.gz.part /tmp/SRR17189067_2.fastq.gz.part --run 2 SRR17189068 /tmp/SRR17189068_1.fastq.gz.part /tmp/SRR17189068_2.fastq.gz.part --run 3 SRR17189069 /tmp/SRR17189069_1.fastq.gz.part /tmp/SRR17189069_2.fastq.gz.part --run 4 SRR17189070 /tmp/SRR17189070_1.fastq.gz.part /tmp/SRR17189070_2.fastq.gz.part,gse190604_guide_sequence_resolution_v1
FOXL2NB,MATCHED_NEGATIVE,FOXL2NB-1,2,89,101,89,190,89,True,REQUIRES_DESIGN_AND_VALIDATION,2c7e6c09e19305d5db43682471acc64ba146db39,"{""data/external/gse190604/guidecalls.txt.gz"": ""ffd5a3050a69d013ddc09a43fae63642a7659cdb778f78c865e0829207e17b7c"", ""outputs/generalization/near_immune_scores.csv"": ""2f9c94a22d0205ab6bcbdecffcefa9509a8478f893d487eef8b4fc743b97ba75""}",1bbcf56e4c749460f5d6e07648b341bcd28500c059c685bee1a418befeb063b7,2026-07-12T14:56:09.705381-03:00,python scripts/build_prospective_donor_panel.py,prospective_donor_panel_v1,CCTGGCGCACTAGGGACTCC,20,0.7,NONE,121,4,0,0,IFNG|IL2,4,SOURCE_IDENTITY_CONFIRMED,BLOCKED_PENDING_ON_OFF_TARGET_AND_VECTOR_QC,25b9b3fc14a055451120e4f5eb65f5b5327176ac,b2a4df668889702f0ea64dbf27bcd8d8c3897c34a638fd3192f4e959ecaf96a9,1bbcf56e4c749460f5d6e07648b341bcd28500c059c685bee1a418befeb063b7,2026-07-12T15:26:42.636649-03:00,python scripts/build_gse190604_guide_sequence_manifest.py --screen-il2 /tmp/CRISPRa.IL2.sgrna_summary.txt --screen-ifng /tmp/CRISPRa.IFNG.sgrna_summary.txt --run 1 SRR17189067 /tmp/SRR17189067_1.fastq.gz.part /tmp/SRR17189067_2.fastq.gz.part --run 2 SRR17189068 /tmp/SRR17189068_1.fastq.gz.part /tmp/SRR17189068_2.fastq.gz.part --run 3 SRR17189069 /tmp/SRR17189069_1.fastq.gz.part /tmp/SRR17189069_2.fastq.gz.part --run 4 SRR17189070 /tmp/SRR17189070_1.fastq.gz.part /tmp/SRR17189070_2.fastq.gz.part,gse190604_guide_sequence_resolution_v1
INPPL1,MATCHED_NEGATIVE,INPPL1-2,1,142,167,142,309,114,True,REQUIRES_DESIGN_AND_VALIDATION,2c7e6c09e19305d5db43682471acc64ba146db39,"{""data/external/gse190604/guidecalls.txt.gz"": ""ffd5a3050a69d013ddc09a43fae63642a7659cdb778f78c865e0829207e17b7c"", ""outputs/generalization/near_immune_scores.csv"": ""2f9c94a22d0205ab6bcbdecffcefa9509a8478f893d487eef8b4fc743b97ba75""}",1bbcf56e4c749460f5d6e07648b341bcd28500c059c685bee1a418befeb063b7,2026-07-12T14:56:09.705381-03:00,python scripts/build_prospective_donor_panel.py,prospective_donor_panel_v1,GAGGTCACCCAGTGGGCCAG,20,0.7,NONE,188,4,0,0,IFNG|IL2,4,SOURCE_IDENTITY_CONFIRMED,BLOCKED_PENDING_ON_OFF_TARGET_AND_VECTOR_QC,25b9b3fc14a055451120e4f5eb65f5b5327176ac,b2a4df668889702f0ea64dbf27bcd8d8c3897c34a638fd3192f4e959ecaf96a9,1bbcf56e4c749460f5d6e07648b341bcd28500c059c685bee1a418befeb063b7,2026-07-12T15:26:42.636649-03:00,python scripts/build_gse190604_guide_sequence_manifest.py --screen-il2 /tmp/CRISPRa.IL2.sgrna_summary.txt --screen-ifng /tmp/CRISPRa.IFNG.sgrna_summary.txt --run 1 SRR17189067 /tmp/SRR17189067_1.fastq.gz.part /tmp/SRR17189067_2.fastq.gz.part --run 2 SRR17189068 /tmp/SRR17189068_1.fastq.gz.part /tmp/SRR17189068_2.fastq.gz.part --run 3 SRR17189069 /tmp/SRR17189069_1.fastq.gz.part /tmp/SRR17189069_2.fastq.gz.part --run 4 SRR17189070 /tmp/SRR17189070_1.fastq.gz.part /tmp/SRR17189070_2.fastq.gz.part,gse190604_guide_sequence_resolution_v1
INPPL1,MATCHED_NEGATIVE,INPPL1-1,2,138,114,114,252,114,True,REQUIRES_DESIGN_AND_VALIDATION,2c7e6c09e19305d5db43682471acc64ba146db39,"{""data/external/gse190604/guidecalls.txt.gz"": ""ffd5a3050a69d013ddc09a43fae63642a7659cdb778f78c865e0829207e17b7c"", ""outputs/generalization/near_immune_scores.csv"": ""2f9c94a22d0205ab6bcbdecffcefa9509a8478f893d487eef8b4fc743b97ba75""}",1bbcf56e4c749460f5d6e07648b341bcd28500c059c685bee1a418befeb063b7,2026-07-12T14:56:09.705381-03:00,python scripts/build_prospective_donor_panel.py,prospective_donor_panel_v1,ACTTGCCCGAGGTCACCCAG,20,0.65,NONE,58,4,0,0,IFNG|IL2,4,SOURCE_IDENTITY_CONFIRMED,BLOCKED_PENDING_ON_OFF_TARGET_AND_VECTOR_QC,25b9b3fc14a055451120e4f5eb65f5b5327176ac,b2a4df668889702f0ea64dbf27bcd8d8c3897c34a638fd3192f4e959ecaf96a9,1bbcf56e4c749460f5d6e07648b341bcd28500c059c685bee1a418befeb063b7,2026-07-12T15:26:42.636649-03:00,python scripts/build_gse190604_guide_sequence_manifest.py --screen-il2 /tmp/CRISPRa.IL2.sgrna_summary.txt --screen-ifng /tmp/CRISPRa.IFNG.sgrna_summary.txt --run 1 SRR17189067 /tmp/SRR17189067_1.fastq.gz.part /tmp/SRR17189067_2.fastq.gz.part --run 2 SRR17189068 /tmp/SRR17189068_1.fastq.gz.part /tmp/SRR17189068_2.fastq.gz.part --run 3 SRR17189069 /tmp/SRR17189069_1.fastq.gz.part /tmp/SRR17189069_2.fastq.gz.part --run 4 SRR17189070 /tmp/SRR17189070_1.fastq.gz.part /tmp/SRR17189070_2.fastq.gz.part,gse190604_guide_sequence_resolution_v1
LHX4,MATCHED_NEGATIVE,LHX4-1,1,108,94,94,202,54,True,REQUIRES_DESIGN_AND_VALIDATION,2c7e6c09e19305d5db43682471acc64ba146db39,"{""data/external/gse190604/guidecalls.txt.gz"": ""ffd5a3050a69d013ddc09a43fae63642a7659cdb778f78c865e0829207e17b7c"", ""outputs/generalization/near_immune_scores.csv"": ""2f9c94a22d0205ab6bcbdecffcefa9509a8478f893d487eef8b4fc743b97ba75""}",1bbcf56e4c749460f5d6e07648b341bcd28500c059c685bee1a418befeb063b7,2026-07-12T14:56:09.705381-03:00,python scripts/build_prospective_donor_panel.py,prospective_donor_panel_v1,TCAAAACGCCCGGGTGACCG,20,0.65,NONE,149,4,0,0,IFNG|IL2,1,SOURCE_IDENTITY_CONFIRMED,BLOCKED_PENDING_ON_OFF_TARGET_AND_VECTOR_QC,25b9b3fc14a055451120e4f5eb65f5b5327176ac,b2a4df668889702f0ea64dbf27bcd8d8c3897c34a638fd3192f4e959ecaf96a9,1bbcf56e4c749460f5d6e07648b341bcd28500c059c685bee1a418befeb063b7,2026-07-12T15:26:42.636649-03:00,python scripts/build_gse190604_guide_sequence_manifest.py --screen-il2 /tmp/CRISPRa.IL2.sgrna_summary.txt --screen-ifng /tmp/CRISPRa.IFNG.sgrna_summary.txt --run 1 SRR17189067 /tmp/SRR17189067_1.fastq.gz.part /tmp/SRR17189067_2.fastq.gz.part --run 2 SRR17189068 /tmp/SRR17189068_1.fastq.gz.part /tmp/SRR17189068_2.fastq.gz.part --run 3 SRR17189069 /tmp/SRR17189069_1.fastq.gz.part /tmp/SRR17189069_2.fastq.gz.part --run 4 SRR17189070 /tmp/SRR17189070_1.fastq.gz.part /tmp/SRR17189070_2.fastq.gz.part,gse190604_guide_sequence_resolution_v1
LHX4,MATCHED_NEGATIVE,LHX4-2,2,54,78,54,132,54,True,REQUIRES_DESIGN_AND_VALIDATION,2c7e6c09e19305d5db43682471acc64ba146db39,"{""data/external/gse190604/guidecalls.txt.gz"": ""ffd5a3050a69d013ddc09a43fae63642a7659cdb778f78c865e0829207e17b7c"", ""outputs/generalization/near_immune_scores.csv"": ""2f9c94a22d0205ab6bcbdecffcefa9509a8478f893d487eef8b4fc743b97ba75""}",1bbcf56e4c749460f5d6e07648b341bcd28500c059c685bee1a418befeb063b7,2026-07-12T14:56:09.705381-03:00,python scripts/build_prospective_donor_panel.py,prospective_donor_panel_v1,TCGCGTGCCGGCCGCCCGGG,20,0.9,GC_GT_80_PERCENT,22,4,0,0,IFNG|IL2,3,SOURCE_IDENTITY_CONFIRMED,BLOCKED_PENDING_ON_OFF_TARGET_AND_VECTOR_QC,25b9b3fc14a055451120e4f5eb65f5b5327176ac,b2a4df668889702f0ea64dbf27bcd8d8c3897c34a638fd3192f4e959ecaf96a9,1bbcf56e4c749460f5d6e07648b341bcd28500c059c685bee1a418befeb063b7,2026-07-12T15:26:42.636649-03:00,python scripts/build_gse190604_guide_sequence_manifest.py --screen-il2 /tmp/CRISPRa.IL2.sgrna_summary.txt --screen-ifng /tmp/CRISPRa.IFNG.sgrna_summary.txt --run 1 SRR17189067 /tmp/SRR17189067_1.fastq.gz.part /tmp/SRR17189067_2.fastq.gz.part --run 2 SRR17189068 /tmp/SRR17189068_1.fastq.gz.part /tmp/SRR17189068_2.fastq.gz.part --run 3 SRR17189069 /tmp/SRR17189069_1.fastq.gz.part /tmp/SRR17189069_2.fastq.gz.part --run 4 SRR17189070 /tmp/SRR17189070_1.fastq.gz.part /tmp/SRR17189070_2.fastq.gz.part,gse190604_guide_sequence_resolution_v1
LTBR,MATCHED_NEGATIVE,LTBR-2,1,273,229,229,502,219,True,REQUIRES_DESIGN_AND_VALIDATION,2c7e6c09e19305d5db43682471acc64ba146db39,"{""data/external/gse190604/guidecalls.txt.gz"": ""ffd5a3050a69d013ddc09a43fae63642a7659cdb778f78c865e0829207e17b7c"", ""outputs/generalization/near_immune_scores.csv"": ""2f9c94a22d0205ab6bcbdecffcefa9509a8478f893d487eef8b4fc743b97ba75""}",1bbcf56e4c749460f5d6e07648b341bcd28500c059c685bee1a418befeb063b7,2026-07-12T14:56:09.705381-03:00,python scripts/build_prospective_donor_panel.py,prospective_donor_panel_v1,CAGGCTTGTCTGCCTCGATG,20,0.6,NONE,2532,4,0,0,IFNG|IL2,1,SOURCE_IDENTITY_CONFIRMED,BLOCKED_PENDING_ON_OFF_TARGET_AND_VECTOR_QC,25b9b3fc14a055451120e4f5eb65f5b5327176ac,b2a4df668889702f0ea64dbf27bcd8d8c3897c34a638fd3192f4e959ecaf96a9,1bbcf56e4c749460f5d6e07648b341bcd28500c059c685bee1a418befeb063b7,2026-07-12T15:26:42.636649-03:00,python scripts/build_gse190604_guide_sequence_manifest.py --screen-il2 /tmp/CRISPRa.IL2.sgrna_summary.txt --screen-ifng /tmp/CRISPRa.IFNG.sgrna_summary.txt --run 1 SRR17189067 /tmp/SRR17189067_1.fastq.gz.part /tmp/SRR17189067_2.fastq.gz.part --run 2 SRR17189068 /tmp/SRR17189068_1.fastq.gz.part /tmp/SRR17189068_2.fastq.gz.part --run 3 SRR17189069 /tmp/SRR17189069_1.fastq.gz.part /tmp/SRR17189069_2.fastq.gz.part --run 4 SRR17189070 /tmp/SRR17189070_1.fastq.gz.part /tmp/SRR17189070_2.fastq.gz.part,gse190604_guide_sequence_resolution_v1
LTBR,MATCHED_NEGATIVE,LTBR-1,2,271,219,219,490,219,True,REQUIRES_DESIGN_AND_VALIDATION,2c7e6c09e19305d5db43682471acc64ba146db39,"{""data/external/gse190604/guidecalls.txt.gz"": ""ffd5a3050a69d013ddc09a43fae63642a7659cdb778f78c865e0829207e17b7c"", ""outputs/generalization/near_immune_scores.csv"": ""2f9c94a22d0205ab6bcbdecffcefa9509a8478f893d487eef8b4fc743b97ba75""}",1bbcf56e4c749460f5d6e07648b341bcd28500c059c685bee1a418befeb063b7,2026-07-12T14:56:09.705381-03:00,python scripts/build_prospective_donor_panel.py,prospective_donor_panel_v1,GCCCCTCCCGCCCCGCATCG,20,0.85,GC_GT_80_PERCENT,615,4,0,0,IFNG|IL2,1,SOURCE_IDENTITY_CONFIRMED,BLOCKED_PENDING_ON_OFF_TARGET_AND_VECTOR_QC,25b9b3fc14a055451120e4f5eb65f5b5327176ac,b2a4df668889702f0ea64dbf27bcd8d8c3897c34a638fd3192f4e959ecaf96a9,1bbcf56e4c749460f5d6e07648b341bcd28500c059c685bee1a418befeb063b7,2026-07-12T15:26:42.636649-03:00,python scripts/build_gse190604_guide_sequence_manifest.py --screen-il2 /tmp/CRISPRa.IL2.sgrna_summary.txt --screen-ifng /tmp/CRISPRa.IFNG.sgrna_summary.txt --run 1 SRR17189067 /tmp/SRR17189067_1.fastq.gz.part /tmp/SRR17189067_2.fastq.gz.part --run 2 SRR17189068 /tmp/SRR17189068_1.fastq.gz.part /tmp/SRR17189068_2.fastq.gz.part --run 3 SRR17189069 /tmp/SRR17189069_1.fastq.gz.part /tmp/SRR17189069_2.fastq.gz.part --run 4 SRR17189070 /tmp/SRR17189070_1.fastq.gz.part /tmp/SRR17189070_2.fastq.gz.part,gse190604_guide_sequence_resolution_v1
MUC1,MATCHED_NEGATIVE,MUC1-1,1,306,331,306,637,170,True,REQUIRES_DESIGN_AND_VALIDATION,2c7e6c09e19305d5db43682471acc64ba146db39,"{""data/external/gse190604/guidecalls.txt.gz"": ""ffd5a3050a69d013ddc09a43fae63642a7659cdb778f78c865e0829207e17b7c"", ""outputs/generalization/near_immune_scores.csv"": ""2f9c94a22d0205ab6bcbdecffcefa9509a8478f893d487eef8b4fc743b97ba75""}",1bbcf56e4c749460f5d6e07648b341bcd28500c059c685bee1a418befeb063b7,2026-07-12T14:56:09.705381-03:00,python scripts/build_prospective_donor_panel.py,prospective_donor_panel_v1,CCTTGTACCCTACCCAGGAA,20,0.55,NONE,214,4,0,0,IFNG|IL2,3,SOURCE_IDENTITY_CONFIRMED,BLOCKED_PENDING_ON_OFF_TARGET_AND_VECTOR_QC,25b9b3fc14a055451120e4f5eb65f5b5327176ac,b2a4df668889702f0ea64dbf27bcd8d8c3897c34a638fd3192f4e959ecaf96a9,1bbcf56e4c749460f5d6e07648b341bcd28500c059c685bee1a418befeb063b7,2026-07-12T15:26:42.636649-03:00,python scripts/build_gse190604_guide_sequence_manifest.py --screen-il2 /tmp/CRISPRa.IL2.sgrna_summary.txt --screen-ifng /tmp/CRISPRa.IFNG.sgrna_summary.txt --run 1 SRR17189067 /tmp/SRR17189067_1.fastq.gz.part /tmp/SRR17189067_2.fastq.gz.part --run 2 SRR17189068 /tmp/SRR17189068_1.fastq.gz.part /tmp/SRR17189068_2.fastq.gz.part --run 3 SRR17189069 /tmp/SRR17189069_1.fastq.gz.part /tmp/SRR17189069_2.fastq.gz.part --run 4 SRR17189070 /tmp/SRR17189070_1.fastq.gz.part /tmp/SRR17189070_2.fastq.gz.part,gse190604_guide_sequence_resolution_v1
MUC1,MATCHED_NEGATIVE,MUC1-2,2,170,222,170,392,170,True,REQUIRES_DESIGN_AND_VALIDATION,2c7e6c09e19305d5db43682471acc64ba146db39,"{""data/external/gse190604/guidecalls.txt.gz"": ""ffd5a3050a69d013ddc09a43fae63642a7659cdb778f78c865e0829207e17b7c"", ""outputs/generalization/near_immune_scores.csv"": ""2f9c94a22d0205ab6bcbdecffcefa9509a8478f893d487eef8b4fc743b97ba75""}",1bbcf56e4c749460f5d6e07648b341bcd28500c059c685bee1a418befeb063b7,2026-07-12T14:56:09.705381-03:00,python scripts/build_prospective_donor_panel.py,prospective_donor_panel_v1,AGAGCCCTTGTACCCTACCC,20,0.6,NONE,175,4,0,0,IFNG|IL2,4,SOURCE_IDENTITY_CONFIRMED,BLOCKED_PENDING_ON_OFF_TARGET_AND_VECTOR_QC,25b9b3fc14a055451120e4f5eb65f5b5327176ac,b2a4df668889702f0ea64dbf27bcd8d8c3897c34a638fd3192f4e959ecaf96a9,1bbcf56e4c749460f5d6e07648b341bcd28500c059c685bee1a418befeb063b7,2026-07-12T15:26:42.636649-03:00,python scripts/build_gse190604_guide_sequence_manifest.py --screen-il2 /tmp/CRISPRa.IL2.sgrna_summary.txt --screen-ifng /tmp/CRISPRa.IFNG.sgrna_summary.txt --run 1 SRR17189067 /tmp/SRR17189067_1.fastq.gz.part /tmp/SRR17189067_2.fastq.gz.part --run 2 SRR17189068 /tmp/SRR17189068_1.fastq.gz.part /tmp/SRR17189068_2.fastq.gz.part --run 3 SRR17189069 /tmp/SRR17189069_1.fastq.gz.part /tmp/SRR17189069_2.fastq.gz.part --run 4 SRR17189070 /tmp/SRR17189070_1.fastq.gz.part /tmp/SRR17189070_2.fastq.gz.part,gse190604_guide_sequence_resolution_v1
OTUD7B,MATCHED_NEGATIVE,OTUD7B-1,1,141,138,138,279,122,True,REQUIRES_DESIGN_AND_VALIDATION,2c7e6c09e19305d5db43682471acc64ba146db39,"{""data/external/gse190604/guidecalls.txt.gz"": ""ffd5a3050a69d013ddc09a43fae63642a7659cdb778f78c865e0829207e17b7c"", ""outputs/generalization/near_immune_scores.csv"": ""2f9c94a22d0205ab6bcbdecffcefa9509a8478f893d487eef8b4fc743b97ba75""}",1bbcf56e4c749460f5d6e07648b341bcd28500c059c685bee1a418befeb063b7,2026-07-12T14:56:09.705381-03:00,python scripts/build_prospective_donor_panel.py,prospective_donor_panel_v1,CGGAGCGGGAGGAGGCCCGG,20,0.85,GC_GT_80_PERCENT,80,4,0,0,IFNG|IL2,1,SOURCE_IDENTITY_CONFIRMED,BLOCKED_PENDING_ON_OFF_TARGET_AND_VECTOR_QC,25b9b3fc14a055451120e4f5eb65f5b5327176ac,b2a4df668889702f0ea64dbf27bcd8d8c3897c34a638fd3192f4e959ecaf96a9,1bbcf56e4c749460f5d6e07648b341bcd28500c059c685bee1a418befeb063b7,2026-07-12T15:26:42.636649-03:00,python scripts/build_gse190604_guide_sequence_manifest.py --screen-il2 /tmp/CRISPRa.IL2.sgrna_summary.txt --screen-ifng /tmp/CRISPRa.IFNG.sgrna_summary.txt --run 1 SRR17189067 /tmp/SRR17189067_1.fastq.gz.part /tmp/SRR17189067_2.fastq.gz.part --run 2 SRR17189068 /tmp/SRR17189068_1.fastq.gz.part /tmp/SRR17189068_2.fastq.gz.part --run 3 SRR17189069 /tmp/SRR17189069_1.fastq.gz.part /tmp/SRR17189069_2.fastq.gz.part --run 4 SRR17189070 /tmp/SRR17189070_1.fastq.gz.part /tmp/SRR17189070_2.fastq.gz.part,gse190604_guide_sequence_resolution_v1
OTUD7B,MATCHED_NEGATIVE,OTUD7B-2,2,126,122,122,248,122,True,REQUIRES_DESIGN_AND_VALIDATION,2c7e6c09e19305d5db43682471acc64ba146db39,"{""data/external/gse190604/guidecalls.txt.gz"": ""ffd5a3050a69d013ddc09a43fae63642a7659cdb778f78c865e0829207e17b7c"", ""outputs/generalization/near_immune_scores.csv"": ""2f9c94a22d0205ab6bcbdecffcefa9509a8478f893d487eef8b4fc743b97ba75""}",1bbcf56e4c749460f5d6e07648b341bcd28500c059c685bee1a418befeb063b7,2026-07-12T14:56:09.705381-03:00,python scripts/build_prospective_donor_panel.py,prospective_donor_panel_v1,GGGGAGCGGCGCTAAAGGCG,20,0.75,NONE,728,4,0,0,IFNG|IL2,2,SOURCE_IDENTITY_CONFIRMED,BLOCKED_PENDING_ON_OFF_TARGET_AND_VECTOR_QC,25b9b3fc14a055451120e4f5eb65f5b5327176ac,b2a4df668889702f0ea64dbf27bcd8d8c3897c34a638fd3192f4e959ecaf96a9,1bbcf56e4c749460f5d6e07648b341bcd28500c059c685bee1a418befeb063b7,2026-07-12T15:26:42.636649-03:00,python scripts/build_gse190604_guide_sequence_manifest.py --screen-il2 /tmp/CRISPRa.IL2.sgrna_summary.txt --screen-ifng /tmp/CRISPRa.IFNG.sgrna_summary.txt --run 1 SRR17189067 /tmp/SRR17189067_1.fastq.gz.part /tmp/SRR17189067_2.fastq.gz.part --run 2 SRR17189068 /tmp/SRR17189068_1.fastq.gz.part /tmp/SRR17189068_2.fastq.gz.part --run 3 SRR17189069 /tmp/SRR17189069_1.fastq.gz.part /tmp/SRR17189069_2.fastq.gz.part --run 4 SRR17189070 /tmp/SRR17189070_1.fastq.gz.part /tmp/SRR17189070_2.fastq.gz.part,gse190604_guide_sequence_resolution_v1
PAPOLG,MATCHED_NEGATIVE,PAPOLG-2,1,176,170,170,346,59,True,REQUIRES_DESIGN_AND_VALIDATION,2c7e6c09e19305d5db43682471acc64ba146db39,"{""data/external/gse190604/guidecalls.txt.gz"": ""ffd5a3050a69d013ddc09a43fae63642a7659cdb778f78c865e0829207e17b7c"", ""outputs/generalization/near_immune_scores.csv"": ""2f9c94a22d0205ab6bcbdecffcefa9509a8478f893d487eef8b4fc743b97ba75""}",1bbcf56e4c749460f5d6e07648b341bcd28500c059c685bee1a418befeb063b7,2026-07-12T14:56:09.705381-03:00,python scripts/build_prospective_donor_panel.py,prospective_donor_panel_v1,CAGGGCTCTCAGTATACCGT,20,0.55,NONE,247,4,0,0,IFNG|IL2,2,SOURCE_IDENTITY_CONFIRMED,BLOCKED_PENDING_ON_OFF_TARGET_AND_VECTOR_QC,25b9b3fc14a055451120e4f5eb65f5b5327176ac,b2a4df668889702f0ea64dbf27bcd8d8c3897c34a638fd3192f4e959ecaf96a9,1bbcf56e4c749460f5d6e07648b341bcd28500c059c685bee1a418befeb063b7,2026-07-12T15:26:42.636649-03:00,python scripts/build_gse190604_guide_sequence_manifest.py --screen-il2 /tmp/CRISPRa.IL2.sgrna_summary.txt --screen-ifng /tmp/CRISPRa.IFNG.sgrna_summary.txt --run 1 SRR17189067 /tmp/SRR17189067_1.fastq.gz.part /tmp/SRR17189067_2.fastq.gz.part --run 2 SRR17189068 /tmp/SRR17189068_1.fastq.gz.part /tmp/SRR17189068_2.fastq.gz.part --run 3 SRR17189069 /tmp/SRR17189069_1.fastq.gz.part /tmp/SRR17189069_2.fastq.gz.part --run 4 SRR17189070 /tmp/SRR17189070_1.fastq.gz.part /tmp/SRR17189070_2.fastq.gz.part,gse190604_guide_sequence_resolution_v1
PAPOLG,MATCHED_NEGATIVE,PAPOLG-1,2,97,59,59,156,59,True,REQUIRES_DESIGN_AND_VALIDATION,2c7e6c09e19305d5db43682471acc64ba146db39,"{""data/external/gse190604/guidecalls.txt.gz"": ""ffd5a3050a69d013ddc09a43fae63642a7659cdb778f78c865e0829207e17b7c"", ""outputs/generalization/near_immune_scores.csv"": ""2f9c94a22d0205ab6bcbdecffcefa9509a8478f893d487eef8b4fc743b97ba75""}",1bbcf56e4c749460f5d6e07648b341bcd28500c059c685bee1a418befeb063b7,2026-07-12T14:56:09.705381-03:00,python scripts/build_prospective_donor_panel.py,prospective_donor_panel_v1,TTAGGTCCCGGGAGGCTCCG,20,0.7,NONE,1,1,0,0,IFNG|IL2,1,SOURCE_IDENTITY_LOW_SUPPORT,BLOCKED_LOW_SOURCE_SUPPORT,25b9b3fc14a055451120e4f5eb65f5b5327176ac,b2a4df668889702f0ea64dbf27bcd8d8c3897c34a638fd3192f4e959ecaf96a9,1bbcf56e4c749460f5d6e07648b341bcd28500c059c685bee1a418befeb063b7,2026-07-12T15:26:42.636649-03:00,python scripts/build_gse190604_guide_sequence_manifest.py --screen-il2 /tmp/CRISPRa.IL2.sgrna_summary.txt --screen-ifng /tmp/CRISPRa.IFNG.sgrna_summary.txt --run 1 SRR17189067 /tmp/SRR17189067_1.fastq.gz.part /tmp/SRR17189067_2.fastq.gz.part --run 2 SRR17189068 /tmp/SRR17189068_1.fastq.gz.part /tmp/SRR17189068_2.fastq.gz.part --run 3 SRR17189069 /tmp/SRR17189069_1.fastq.gz.part /tmp/SRR17189069_2.fastq.gz.part --run 4 SRR17189070 /tmp/SRR17189070_1.fastq.gz.part /tmp/SRR17189070_2.fastq.gz.part,gse190604_guide_sequence_resolution_v1
SLA2,MATCHED_NEGATIVE,SLA2-1,1,158,197,158,355,158,True,REQUIRES_DESIGN_AND_VALIDATION,2c7e6c09e19305d5db43682471acc64ba146db39,"{""data/external/gse190604/guidecalls.txt.gz"": ""ffd5a3050a69d013ddc09a43fae63642a7659cdb778f78c865e0829207e17b7c"", ""outputs/generalization/near_immune_scores.csv"": ""2f9c94a22d0205ab6bcbdecffcefa9509a8478f893d487eef8b4fc743b97ba75""}",1bbcf56e4c749460f5d6e07648b341bcd28500c059c685bee1a418befeb063b7,2026-07-12T14:56:09.705381-03:00,python scripts/build_prospective_donor_panel.py,prospective_donor_panel_v1,CCCCTAGAAACAGGAACTTG,20,0.5,NONE,48,4,0,0,IFNG|IL2,1,SOURCE_IDENTITY_CONFIRMED,BLOCKED_PENDING_ON_OFF_TARGET_AND_VECTOR_QC,25b9b3fc14a055451120e4f5eb65f5b5327176ac,b2a4df668889702f0ea64dbf27bcd8d8c3897c34a638fd3192f4e959ecaf96a9,1bbcf56e4c749460f5d6e07648b341bcd28500c059c685bee1a418befeb063b7,2026-07-12T15:26:42.636649-03:00,python scripts/build_gse190604_guide_sequence_manifest.py --screen-il2 /tmp/CRISPRa.IL2.sgrna_summary.txt --screen-ifng /tmp/CRISPRa.IFNG.sgrna_summary.txt --run 1 SRR17189067 /tmp/SRR17189067_1.fastq.gz.part /tmp/SRR17189067_2.fastq.gz.part --run 2 SRR17189068 /tmp/SRR17189068_1.fastq.gz.part /tmp/SRR17189068_2.fastq.gz.part --run 3 SRR17189069 /tmp/SRR17189069_1.fastq.gz.part /tmp/SRR17189069_2.fastq.gz.part --run 4 SRR17189070 /tmp/SRR17189070_1.fastq.gz.part /tmp/SRR17189070_2.fastq.gz.part,gse190604_guide_sequence_resolution_v1
SLA2,MATCHED_NEGATIVE,SLA2-2,2,158,190,158,348,158,True,REQUIRES_DESIGN_AND_VALIDATION,2c7e6c09e19305d5db43682471acc64ba146db39,"{""data/external/gse190604/guidecalls.txt.gz"": ""ffd5a3050a69d013ddc09a43fae63642a7659cdb778f78c865e0829207e17b7c"", ""outputs/generalization/near_immune_scores.csv"": ""2f9c94a22d0205ab6bcbdecffcefa9509a8478f893d487eef8b4fc743b97ba75""}",1bbcf56e4c749460f5d6e07648b341bcd28500c059c685bee1a418befeb063b7,2026-07-12T14:56:09.705381-03:00,python scripts/build_prospective_donor_panel.py,prospective_donor_panel_v1,TTTGCTCCACGATCATGACA,20,0.45,NONE,116,4,0,0,IFNG|IL2,3,SOURCE_IDENTITY_CONFIRMED,BLOCKED_PENDING_ON_OFF_TARGET_AND_VECTOR_QC,25b9b3fc14a055451120e4f5eb65f5b5327176ac,b2a4df668889702f0ea64dbf27bcd8d8c3897c34a638fd3192f4e959ecaf96a9,1bbcf56e4c749460f5d6e07648b341bcd28500c059c685bee1a418befeb063b7,2026-07-12T15:26:42.636649-03:00,python scripts/build_gse190604_guide_sequence_manifest.py --screen-il2 /tmp/CRISPRa.IL2.sgrna_summary.txt --screen-ifng /tmp/CRISPRa.IFNG.sgrna_summary.txt --run 1 SRR17189067 /tmp/SRR17189067_1.fastq.gz.part /tmp/SRR17189067_2.fastq.gz.part --run 2 SRR17189068 /tmp/SRR17189068_1.fastq.gz.part /tmp/SRR17189068_2.fastq.gz.part --run 3 SRR17189069 /tmp/SRR17189069_1.fastq.gz.part /tmp/SRR17189069_2.fastq.gz.part --run 4 SRR17189070 /tmp/SRR17189070_1.fastq.gz.part /tmp/SRR17189070_2.fastq.gz.part,gse190604_guide_sequence_resolution_v1
TNFRSF1B,MATCHED_NEGATIVE,TNFRSF1B-2,1,440,357,357,797,241,True,REQUIRES_DESIGN_AND_VALIDATION,2c7e6c09e19305d5db43682471acc64ba146db39,"{""data/external/gse190604/guidecalls.txt.gz"": ""ffd5a3050a69d013ddc09a43fae63642a7659cdb778f78c865e0829207e17b7c"", ""outputs/generalization/near_immune_scores.csv"": ""2f9c94a22d0205ab6bcbdecffcefa9509a8478f893d487eef8b4fc743b97ba75""}",1bbcf56e4c749460f5d6e07648b341bcd28500c059c685bee1a418befeb063b7,2026-07-12T14:56:09.705381-03:00,python scripts/build_prospective_donor_panel.py,prospective_donor_panel_v1,TCGGCCCAGCGATGCTGGAG,20,0.7,NONE,1918,4,1,0,IFNG|IL2,4,SOURCE_IDENTITY_CONFIRMED,BLOCKED_PENDING_ON_OFF_TARGET_AND_VECTOR_QC,25b9b3fc14a055451120e4f5eb65f5b5327176ac,b2a4df668889702f0ea64dbf27bcd8d8c3897c34a638fd3192f4e959ecaf96a9,1bbcf56e4c749460f5d6e07648b341bcd28500c059c685bee1a418befeb063b7,2026-07-12T15:26:42.636649-03:00,python scripts/build_gse190604_guide_sequence_manifest.py --screen-il2 /tmp/CRISPRa.IL2.sgrna_summary.txt --screen-ifng /tmp/CRISPRa.IFNG.sgrna_summary.txt --run 1 SRR17189067 /tmp/SRR17189067_1.fastq.gz.part /tmp/SRR17189067_2.fastq.gz.part --run 2 SRR17189068 /tmp/SRR17189068_1.fastq.gz.part /tmp/SRR17189068_2.fastq.gz.part --run 3 SRR17189069 /tmp/SRR17189069_1.fastq.gz.part /tmp/SRR17189069_2.fastq.gz.part --run 4 SRR17189070 /tmp/SRR17189070_1.fastq.gz.part /tmp/SRR17189070_2.fastq.gz.part,gse190604_guide_sequence_resolution_v1
TNFRSF1B,MATCHED_NEGATIVE,TNFRSF1B-1,2,306,241,241,547,241,True,REQUIRES_DESIGN_AND_VALIDATION,2c7e6c09e19305d5db43682471acc64ba146db39,"{""data/external/gse190604/guidecalls.txt.gz"": ""ffd5a3050a69d013ddc09a43fae63642a7659cdb778f78c865e0829207e17b7c"", ""outputs/generalization/near_immune_scores.csv"": ""2f9c94a22d0205ab6bcbdecffcefa9509a8478f893d487eef8b4fc743b97ba75""}",1bbcf56e4c749460f5d6e07648b341bcd28500c059c685bee1a418befeb063b7,2026-07-12T14:56:09.705381-03:00,python scripts/build_prospective_donor_panel.py,prospective_donor_panel_v1,CGGAGGCCCAGCAGCGTCTG,20,0.75,NONE,959,4,0,0,IFNG|IL2,1,SOURCE_IDENTITY_CONFIRMED,BLOCKED_PENDING_ON_OFF_TARGET_AND_VECTOR_QC,25b9b3fc14a055451120e4f5eb65f5b5327176ac,b2a4df668889702f0ea64dbf27bcd8d8c3897c34a638fd3192f4e959ecaf96a9,1bbcf56e4c749460f5d6e07648b341bcd28500c059c685bee1a418befeb063b7,2026-07-12T15:26:42.636649-03:00,python scripts/build_gse190604_guide_sequence_manifest.py --screen-il2 /tmp/CRISPRa.IL2.sgrna_summary.txt --screen-ifng /tmp/CRISPRa.IFNG.sgrna_summary.txt --run 1 SRR17189067 /tmp/SRR17189067_1.fastq.gz.part /tmp/SRR17189067_2.fastq.gz.part --run 2 SRR17189068 /tmp/SRR17189068_1.fastq.gz.part /tmp/SRR17189068_2.fastq.gz.part --run 3 SRR17189069 /tmp/SRR17189069_1.fastq.gz.part /tmp/SRR17189069_2.fastq.gz.part --run 4 SRR17189070 /tmp/SRR17189070_1.fastq.gz.part /tmp/SRR17189070_2.fastq.gz.part,gse190604_guide_sequence_resolution_v1
GATA3,MECHANISTIC_SENTINEL,GATA3-2,1,80,79,79,159,74,False,REQUIRES_DESIGN_AND_VALIDATION,2c7e6c09e19305d5db43682471acc64ba146db39,"{""data/external/gse190604/guidecalls.txt.gz"": ""ffd5a3050a69d013ddc09a43fae63642a7659cdb778f78c865e0829207e17b7c"", ""outputs/generalization/near_immune_scores.csv"": ""2f9c94a22d0205ab6bcbdecffcefa9509a8478f893d487eef8b4fc743b97ba75""}",1bbcf56e4c749460f5d6e07648b341bcd28500c059c685bee1a418befeb063b7,2026-07-12T14:56:09.705381-03:00,python scripts/build_prospective_donor_panel.py,prospective_donor_panel_v1,GGCGCTGGCGAGTAGGGGAC,20,0.75,NONE,225,4,0,0,IFNG|IL2,5,SOURCE_IDENTITY_CONFIRMED,BLOCKED_PENDING_ON_OFF_TARGET_AND_VECTOR_QC,25b9b3fc14a055451120e4f5eb65f5b5327176ac,b2a4df668889702f0ea64dbf27bcd8d8c3897c34a638fd3192f4e959ecaf96a9,1bbcf56e4c749460f5d6e07648b341bcd28500c059c685bee1a418befeb063b7,2026-07-12T15:26:42.636649-03:00,python scripts/build_gse190604_guide_sequence_manifest.py --screen-il2 /tmp/CRISPRa.IL2.sgrna_summary.txt --screen-ifng /tmp/CRISPRa.IFNG.sgrna_summary.txt --run 1 SRR17189067 /tmp/SRR17189067_1.fastq.gz.part /tmp/SRR17189067_2.fastq.gz.part --run 2 SRR17189068 /tmp/SRR17189068_1.fastq.gz.part /tmp/SRR17189068_2.fastq.gz.part --run 3 SRR17189069 /tmp/SRR17189069_1.fastq.gz.part /tmp/SRR17189069_2.fastq.gz.part --run 4 SRR17189070 /tmp/SRR17189070_1.fastq.gz.part /tmp/SRR17189070_2.fastq.gz.part,gse190604_guide_sequence_resolution_v1
GATA3,MECHANISTIC_SENTINEL,GATA3-1,2,74,126,74,200,74,False,REQUIRES_DESIGN_AND_VALIDATION,2c7e6c09e19305d5db43682471acc64ba146db39,"{""data/external/gse190604/guidecalls.txt.gz"": ""ffd5a3050a69d013ddc09a43fae63642a7659cdb778f78c865e0829207e17b7c"", ""outputs/generalization/near_immune_scores.csv"": ""2f9c94a22d0205ab6bcbdecffcefa9509a8478f893d487eef8b4fc743b97ba75""}",1bbcf56e4c749460f5d6e07648b341bcd28500c059c685bee1a418befeb063b7,2026-07-12T14:56:09.705381-03:00,python scripts/build_prospective_donor_panel.py,prospective_donor_panel_v1,CGGGGGGAGAAGTCCTGGAG,20,0.7,HOMOPOLYMER_5,11,4,0,0,IFNG|IL2,5,SOURCE_IDENTITY_CONFIRMED,BLOCKED_PENDING_ON_OFF_TARGET_AND_VECTOR_QC,25b9b3fc14a055451120e4f5eb65f5b5327176ac,b2a4df668889702f0ea64dbf27bcd8d8c3897c34a638fd3192f4e959ecaf96a9,1bbcf56e4c749460f5d6e07648b341bcd28500c059c685bee1a418befeb063b7,2026-07-12T15:26:42.636649-03:00,python scripts/build_gse190604_guide_sequence_manifest.py --screen-il2 /tmp/CRISPRa.IL2.sgrna_summary.txt --screen-ifng /tmp/CRISPRa.IFNG.sgrna_summary.txt --run 1 SRR17189067 /tmp/SRR17189067_1.fastq.gz.part /tmp/SRR17189067_2.fastq.gz.part --run 2 SRR17189068 /tmp/SRR17189068_1.fastq.gz.part /tmp/SRR17189068_2.fastq.gz.part --run 3 SRR17189069 /tmp/SRR17189069_1.fastq.gz.part /tmp/SRR17189069_2.fastq.gz.part --run 4 SRR17189070 /tmp/SRR17189070_1.fastq.gz.part /tmp/SRR17189070_2.fastq.gz.part,gse190604_guide_sequence_resolution_v1
TBX21,MECHANISTIC_SENTINEL,TBX21-1,1,239,243,239,482,140,False,REQUIRES_DESIGN_AND_VALIDATION,2c7e6c09e19305d5db43682471acc64ba146db39,"{""data/external/gse190604/guidecalls.txt.gz"": ""ffd5a3050a69d013ddc09a43fae63642a7659cdb778f78c865e0829207e17b7c"", ""outputs/generalization/near_immune_scores.csv"": ""2f9c94a22d0205ab6bcbdecffcefa9509a8478f893d487eef8b4fc743b97ba75""}",1bbcf56e4c749460f5d6e07648b341bcd28500c059c685bee1a418befeb063b7,2026-07-12T14:56:09.705381-03:00,python scripts/build_prospective_donor_panel.py,prospective_donor_panel_v1,TACTGCAGGGCCCCCCATGG,20,0.7,HOMOPOLYMER_5,131,4,1,0,IFNG|IL2,1,SOURCE_IDENTITY_CONFIRMED,BLOCKED_PENDING_ON_OFF_TARGET_AND_VECTOR_QC,25b9b3fc14a055451120e4f5eb65f5b5327176ac,b2a4df668889702f0ea64dbf27bcd8d8c3897c34a638fd3192f4e959ecaf96a9,1bbcf56e4c749460f5d6e07648b341bcd28500c059c685bee1a418befeb063b7,2026-07-12T15:26:42.636649-03:00,python scripts/build_gse190604_guide_sequence_manifest.py --screen-il2 /tmp/CRISPRa.IL2.sgrna_summary.txt --screen-ifng /tmp/CRISPRa.IFNG.sgrna_summary.txt --run 1 SRR17189067 /tmp/SRR17189067_1.fastq.gz.part /tmp/SRR17189067_2.fastq.gz.part --run 2 SRR17189068 /tmp/SRR17189068_1.fastq.gz.part /tmp/SRR17189068_2.fastq.gz.part --run 3 SRR17189069 /tmp/SRR17189069_1.fastq.gz.part /tmp/SRR17189069_2.fastq.gz.part --run 4 SRR17189070 /tmp/SRR17189070_1.fastq.gz.part /tmp/SRR17189070_2.fastq.gz.part,gse190604_guide_sequence_resolution_v1
TBX21,MECHANISTIC_SENTINEL,TBX21-2,2,140,148,140,288,140,False,REQUIRES_DESIGN_AND_VALIDATION,2c7e6c09e19305d5db43682471acc64ba146db39,"{""data/external/gse190604/guidecalls.txt.gz"": ""ffd5a3050a69d013ddc09a43fae63642a7659cdb778f78c865e0829207e17b7c"", ""outputs/generalization/near_immune_scores.csv"": ""2f9c94a22d0205ab6bcbdecffcefa9509a8478f893d487eef8b4fc743b97ba75""}",1bbcf56e4c749460f5d6e07648b341bcd28500c059c685bee1a418befeb063b7,2026-07-12T14:56:09.705381-03:00,python scripts/build_prospective_donor_panel.py,prospective_donor_panel_v1,GAGTACTGCAGGGCCCCCCA,20,0.7,HOMOPOLYMER_5,110,4,0,0,IFNG|IL2,2,SOURCE_IDENTITY_CONFIRMED,BLOCKED_PENDING_ON_OFF_TARGET_AND_VECTOR_QC,25b9b3fc14a055451120e4f5eb65f5b5327176ac,b2a4df668889702f0ea64dbf27bcd8d8c3897c34a638fd3192f4e959ecaf96a9,1bbcf56e4c749460f5d6e07648b341bcd28500c059c685bee1a418befeb063b7,2026-07-12T15:26:42.636649-03:00,python scripts/build_gse190604_guide_sequence_manifest.py --screen-il2 /tmp/CRISPRa.IL2.sgrna_summary.txt --screen-ifng /tmp/CRISPRa.IFNG.sgrna_summary.txt --run 1 SRR17189067 /tmp/SRR17189067_1.fastq.gz.part /tmp/SRR17189067_2.fastq.gz.part --run 2 SRR17189068 /tmp/SRR17189068_1.fastq.gz.part /tmp/SRR17189068_2.fastq.gz.part --run 3 SRR17189069 /tmp/SRR17189069_1.fastq.gz.part /tmp/SRR17189069_2.fastq.gz.part --run 4 SRR17189070 /tmp/SRR17189070_1.fastq.gz.part /tmp/SRR17189070_2.fastq.gz.part,gse190604_guide_sequence_resolution_v1
NO-TARGET,NON_TARGET_CONTROL,NO-TARGET-3,1,363,366,363,729,267,False,REQUIRES_DESIGN_AND_VALIDATION,2c7e6c09e19305d5db43682471acc64ba146db39,"{""data/external/gse190604/guidecalls.txt.gz"": ""ffd5a3050a69d013ddc09a43fae63642a7659cdb778f78c865e0829207e17b7c"", ""outputs/generalization/near_immune_scores.csv"": ""2f9c94a22d0205ab6bcbdecffcefa9509a8478f893d487eef8b4fc743b97ba75""}",1bbcf56e4c749460f5d6e07648b341bcd28500c059c685bee1a418befeb063b7,2026-07-12T14:56:09.705381-03:00,python scripts/build_prospective_donor_panel.py,prospective_donor_panel_v1,TTCCTGCCCGAACTGCAGAA,20,0.55,NONE,1265,4,1,0,IFNG|IL2,135,SOURCE_IDENTITY_CONFIRMED,BLOCKED_PENDING_ON_OFF_TARGET_AND_VECTOR_QC,25b9b3fc14a055451120e4f5eb65f5b5327176ac,b2a4df668889702f0ea64dbf27bcd8d8c3897c34a638fd3192f4e959ecaf96a9,1bbcf56e4c749460f5d6e07648b341bcd28500c059c685bee1a418befeb063b7,2026-07-12T15:26:42.636649-03:00,python scripts/build_gse190604_guide_sequence_manifest.py --screen-il2 /tmp/CRISPRa.IL2.sgrna_summary.txt --screen-ifng /tmp/CRISPRa.IFNG.sgrna_summary.txt --run 1 SRR17189067 /tmp/SRR17189067_1.fastq.gz.part /tmp/SRR17189067_2.fastq.gz.part --run 2 SRR17189068 /tmp/SRR17189068_1.fastq.gz.part /tmp/SRR17189068_2.fastq.gz.part --run 3 SRR17189069 /tmp/SRR17189069_1.fastq.gz.part /tmp/SRR17189069_2.fastq.gz.part --run 4 SRR17189070 /tmp/SRR17189070_1.fastq.gz.part /tmp/SRR17189070_2.fastq.gz.part,gse190604_guide_sequence_resolution_v1
NO-TARGET,NON_TARGET_CONTROL,NO-TARGET-1,2,314,319,314,633,267,False,REQUIRES_DESIGN_AND_VALIDATION,2c7e6c09e19305d5db43682471acc64ba146db39,"{""data/external/gse190604/guidecalls.txt.gz"": ""ffd5a3050a69d013ddc09a43fae63642a7659cdb778f78c865e0829207e17b7c"", ""outputs/generalization/near_immune_scores.csv"": ""2f9c94a22d0205ab6bcbdecffcefa9509a8478f893d487eef8b4fc743b97ba75""}",1bbcf56e4c749460f5d6e07648b341bcd28500c059c685bee1a418befeb063b7,2026-07-12T14:56:09.705381-03:00,python scripts/build_prospective_donor_panel.py,prospective_donor_panel_v1,GGAATGTCCTAGGTTACTGA,20,0.45,NONE,1074,4,0,0,IFNG|IL2,400,SOURCE_IDENTITY_CONFIRMED,BLOCKED_PENDING_ON_OFF_TARGET_AND_VECTOR_QC,25b9b3fc14a055451120e4f5eb65f5b5327176ac,b2a4df668889702f0ea64dbf27bcd8d8c3897c34a638fd3192f4e959ecaf96a9,1bbcf56e4c749460f5d6e07648b341bcd28500c059c685bee1a418befeb063b7,2026-07-12T15:26:42.636649-03:00,python scripts/build_gse190604_guide_sequence_manifest.py --screen-il2 /tmp/CRISPRa.IL2.sgrna_summary.txt --screen-ifng /tmp/CRISPRa.IFNG.sgrna_summary.txt --run 1 SRR17189067 /tmp/SRR17189067_1.fastq.gz.part /tmp/SRR17189067_2.fastq.gz.part --run 2 SRR17189068 /tmp/SRR17189068_1.fastq.gz.part /tmp/SRR17189068_2.fastq.gz.part --run 3 SRR17189069 /tmp/SRR17189069_1.fastq.gz.part /tmp/SRR17189069_2.fastq.gz.part --run 4 SRR17189070 /tmp/SRR17189070_1.fastq.gz.part /tmp/SRR17189070_2.fastq.gz.part,gse190604_guide_sequence_resolution_v1
NO-TARGET,NON_TARGET_CONTROL,NO-TARGET-4,3,269,285,269,554,267,False,REQUIRES_DESIGN_AND_VALIDATION,2c7e6c09e19305d5db43682471acc64ba146db39,"{""data/external/gse190604/guidecalls.txt.gz"": ""ffd5a3050a69d013ddc09a43fae63642a7659cdb778f78c865e0829207e17b7c"", ""outputs/generalization/near_immune_scores.csv"": ""2f9c94a22d0205ab6bcbdecffcefa9509a8478f893d487eef8b4fc743b97ba75""}",1bbcf56e4c749460f5d6e07648b341bcd28500c059c685bee1a418befeb063b7,2026-07-12T14:56:09.705381-03:00,python scripts/build_prospective_donor_panel.py,prospective_donor_panel_v1,TAGTTACAGACTCAGCGGGT,20,0.5,NONE,898,4,2,0,IFNG|IL2,127,SOURCE_IDENTITY_CONFIRMED,BLOCKED_PENDING_ON_OFF_TARGET_AND_VECTOR_QC,25b9b3fc14a055451120e4f5eb65f5b5327176ac,b2a4df668889702f0ea64dbf27bcd8d8c3897c34a638fd3192f4e959ecaf96a9,1bbcf56e4c749460f5d6e07648b341bcd28500c059c685bee1a418befeb063b7,2026-07-12T15:26:42.636649-03:00,python scripts/build_gse190604_guide_sequence_manifest.py --screen-il2 /tmp/CRISPRa.IL2.sgrna_summary.txt --screen-ifng /tmp/CRISPRa.IFNG.sgrna_summary.txt --run 1 SRR17189067 /tmp/SRR17189067_1.fastq.gz.part /tmp/SRR17189067_2.fastq.gz.part --run 2 SRR17189068 /tmp/SRR17189068_1.fastq.gz.part /tmp/SRR17189068_2.fastq.gz.part --run 3 SRR17189069 /tmp/SRR17189069_1.fastq.gz.part /tmp/SRR17189069_2.fastq.gz.part --run 4 SRR17189070 /tmp/SRR17189070_1.fastq.gz.part /tmp/SRR17189070_2.fastq.gz.part,gse190604_guide_sequence_resolution_v1
NO-TARGET,NON_TARGET_CONTROL,NO-TARGET-5,4,298,267,267,565,267,False,REQUIRES_DESIGN_AND_VALIDATION,2c7e6c09e19305d5db43682471acc64ba146db39,"{""data/external/gse190604/guidecalls.txt.gz"": ""ffd5a3050a69d013ddc09a43fae63642a7659cdb778f78c865e0829207e17b7c"", ""outputs/generalization/near_immune_scores.csv"": ""2f9c94a22d0205ab6bcbdecffcefa9509a8478f893d487eef8b4fc743b97ba75""}",1bbcf56e4c749460f5d6e07648b341bcd28500c059c685bee1a418befeb063b7,2026-07-12T14:56:09.705381-03:00,python scripts/build_prospective_donor_panel.py,prospective_donor_panel_v1,GTTCGCTTCGTAACGAGGAA,20,0.5,NONE,781,4,0,0,IFNG|IL2,45,SOURCE_IDENTITY_CONFIRMED,BLOCKED_PENDING_ON_OFF_TARGET_AND_VECTOR_QC,25b9b3fc14a055451120e4f5eb65f5b5327176ac,b2a4df668889702f0ea64dbf27bcd8d8c3897c34a638fd3192f4e959ecaf96a9,1bbcf56e4c749460f5d6e07648b341bcd28500c059c685bee1a418befeb063b7,2026-07-12T15:26:42.636649-03:00,python scripts/build_gse190604_guide_sequence_manifest.py --screen-il2 /tmp/CRISPRa.IL2.sgrna_summary.txt --screen-ifng /tmp/CRISPRa.IFNG.sgrna_summary.txt --run 1 SRR17189067 /tmp/SRR17189067_1.fastq.gz.part /tmp/SRR17189067_2.fastq.gz.part --run 2 SRR17189068 /tmp/SRR17189068_1.fastq.gz.part /tmp/SRR17189068_2.fastq.gz.part --run 3 SRR17189069 /tmp/SRR17189069_1.fastq.gz.part /tmp/SRR17189069_2.fastq.gz.part --run 4 SRR17189070 /tmp/SRR17189070_1.fastq.gz.part /tmp/SRR17189070_2.fastq.gz.part,gse190604_guide_sequence_resolution_v1
